date,tc,rh,ws,wd,o3,no,no2,co,code,name,local_date
2030-09-01 00:00:00,20.4057,66.66889,2.9276905,91.80188,22.171642,3.72595,58.043037,0.25141537,97,Itaquera,2030-08-31 21:00:00-03:00
2030-09-01 01:00:00,19.984741,70.56855,2.547417,87.28396,11.893073,6.2190166,65.91878,0.2667872,97,Itaquera,2030-08-31 22:00:00-03:00
2030-09-01 02:00:00,19.62796,76.24589,2.836426,82.38807,14.266784,5.5064793,61.607292,0.24198322,97,Itaquera,2030-08-31 23:00:00-03:00
2030-09-01 03:00:00,19.029266,78.27369,2.0615458,86.4486,6.246973,10.6425905,68.67319,0.25904903,97,Itaquera,2030-09-01 00:00:00-03:00
2030-09-01 04:00:00,17.958527,81.48944,1.6928352,113.008064,1.6812134,24.600645,72.68448,0.29044577,97,Itaquera,2030-09-01 01:00:00-03:00
2030-09-01 05:00:00,18.049164,80.567,1.6376511,69.16107,3.8500261,17.991463,71.38108,0.2698822,97,Itaquera,2030-09-01 02:00:00-03:00
2030-09-01 06:00:00,18.555847,79.032104,2.770876,47.060295,32.016,2.3255413,52.49496,0.1924344,97,Itaquera,2030-09-01 03:00:00-03:00
2030-09-01 07:00:00,18.446411,78.9199,2.604295,66.62959,10.501747,7.007409,58.706627,0.23492458,97,Itaquera,2030-09-01 04:00:00-03:00
2030-09-01 08:00:00,17.843811,81.732574,1.9801346,54.900208,1.50813,20.905134,64.90808,0.2934713,97,Itaquera,2030-09-01 05:00:00-03:00
2030-09-01 09:00:00,17.691559,83.03968,2.0042841,39.730812,0.510209,31.390701,61.85142,0.3525151,97,Itaquera,2030-09-01 06:00:00-03:00
2030-09-01 10:00:00,17.840149,82.2574,1.5929844,46.005836,2.50689,50.531654,58.665733,0.43841347,97,Itaquera,2030-09-01 07:00:00-03:00
2030-09-01 11:00:00,19.282898,74.18555,1.6716853,47.62414,12.284921,26.785671,53.115166,0.3569477,97,Itaquera,2030-09-01 08:00:00-03:00
2030-09-01 12:00:00,21.116272,64.873505,1.1649259,24.789423,27.648355,18.460196,46.96852,0.3147532,97,Itaquera,2030-09-01 09:00:00-03:00
2030-09-01 13:00:00,22.928223,57.14652,0.86203235,341.65158,46.130318,13.33315,42.24059,0.2822795,97,Itaquera,2030-09-01 10:00:00-03:00
2030-09-01 14:00:00,24.729492,49.78741,0.75155205,301.27527,63.7248,7.9558015,33.36744,0.2293943,97,Itaquera,2030-09-01 11:00:00-03:00
2030-09-01 15:00:00,26.34488,42.13781,1.7217667,290.31308,77.44911,4.3933616,21.549759,0.17721896,97,Itaquera,2030-09-01 12:00:00-03:00
2030-09-01 16:00:00,27.134583,39.591194,1.1657273,264.46985,89.49415,3.9807324,22.223898,0.180806,97,Itaquera,2030-09-01 13:00:00-03:00
2030-09-01 17:00:00,26.75705,42.26676,1.4243578,210.8083,109.22877,2.6675847,23.16622,0.19133048,97,Itaquera,2030-09-01 14:00:00-03:00
2030-09-01 18:00:00,24.285095,57.05611,0.9770139,87.85538,129.01558,0.9787482,14.944931,0.16800399,97,Itaquera,2030-09-01 15:00:00-03:00
2030-09-01 19:00:00,24.644531,54.418087,2.9685225,147.66057,105.20516,1.1880208,20.448568,0.17795132,97,Itaquera,2030-09-01 16:00:00-03:00
2030-09-01 20:00:00,23.292969,60.048843,3.4690807,141.7225,68.25107,1.5247022,26.743382,0.18779477,97,Itaquera,2030-09-01 17:00:00-03:00
2030-09-01 21:00:00,21.628082,66.43741,3.534108,126.880295,56.49585,0.9787535,30.936028,0.19379506,97,Itaquera,2030-09-01 18:00:00-03:00
2030-09-01 22:00:00,20.533813,70.988754,3.1790605,117.58361,41.60178,1.6260504,40.964855,0.21463618,97,Itaquera,2030-09-01 19:00:00-03:00
2030-09-01 23:00:00,20.2388,73.43521,2.9439583,103.206024,43.220573,1.5364748,42.089355,0.20663275,97,Itaquera,2030-09-01 20:00:00-03:00
2030-09-02 00:00:00,20.088226,78.11783,2.8604994,93.599495,34.68605,2.1107972,51.96279,0.22101507,97,Itaquera,2030-09-01 21:00:00-03:00
2030-09-02 01:00:00,19.78244,76.956764,3.016409,97.39637,23.999044,3.3672812,53.177563,0.2204449,97,Itaquera,2030-09-01 22:00:00-03:00
2030-09-02 02:00:00,19.330505,79.76728,2.943064,91.1515,24.684471,3.33956,54.157932,0.21241692,97,Itaquera,2030-09-01 23:00:00-03:00
2030-09-02 03:00:00,19.17746,81.49422,2.0744412,88.61047,12.316768,6.5907636,68.57991,0.24345258,97,Itaquera,2030-09-02 00:00:00-03:00
2030-09-02 04:00:00,19.168213,83.7296,2.9345536,68.77369,27.103863,2.8499568,56.41999,0.21220101,97,Itaquera,2030-09-02 01:00:00-03:00
2030-09-02 05:00:00,18.996948,85.428764,3.1553466,62.716564,33.279797,2.139642,45.407753,0.19673643,97,Itaquera,2030-09-02 02:00:00-03:00
2030-09-02 06:00:00,18.704681,85.88976,3.2012222,54.02918,32.58248,2.299182,41.296448,0.1979413,97,Itaquera,2030-09-02 03:00:00-03:00
2030-09-02 07:00:00,18.31372,86.24635,3.04056,58.40648,22.357677,3.6886978,47.90635,0.21811135,97,Itaquera,2030-09-02 04:00:00-03:00
2030-09-02 08:00:00,18.007172,87.65368,2.7634394,58.40777,11.928082,6.660795,55.860043,0.24903129,97,Itaquera,2030-09-02 05:00:00-03:00
2030-09-02 09:00:00,17.726501,89.024635,2.5927057,55.690403,6.6766715,10.383638,59.6155,0.2898279,97,Itaquera,2030-09-02 06:00:00-03:00
2030-09-02 10:00:00,17.96576,87.38164,1.9244863,56.07465,6.813822,22.68493,61.204506,0.35650253,97,Itaquera,2030-09-02 07:00:00-03:00
2030-09-02 11:00:00,19.280731,80.13986,1.8182606,53.554874,18.310978,21.086481,57.11584,0.35579568,97,Itaquera,2030-09-02 08:00:00-03:00
2030-09-02 12:00:00,20.973755,71.31481,1.7526698,56.32303,40.515224,12.832778,43.879894,0.2942991,97,Itaquera,2030-09-02 09:00:00-03:00
2030-09-02 13:00:00,22.687042,63.17625,0.5918116,45.563686,61.02195,9.985336,38.523193,0.26340348,97,Itaquera,2030-09-02 10:00:00-03:00
2030-09-02 14:00:00,24.246063,56.377865,0.0069950894,214.58093,89.33663,8.637136,36.944096,0.25921348,97,Itaquera,2030-09-02 11:00:00-03:00
2030-09-02 15:00:00,25.58786,50.271088,0.20794483,193.17546,122.855896,6.128799,35.364983,0.25868058,97,Itaquera,2030-09-02 12:00:00-03:00
2030-09-02 16:00:00,25.030365,57.621986,3.3093498,146.9833,110.36287,2.35258,16.902538,0.15640293,97,Itaquera,2030-09-02 13:00:00-03:00
2030-09-02 17:00:00,24.829498,58.037083,3.4982226,144.35907,107.56079,2.2133012,14.444339,0.14999026,97,Itaquera,2030-09-02 14:00:00-03:00
2030-09-02 18:00:00,24.07547,57.86491,3.4195282,153.9313,100.45321,2.7562227,21.523342,0.17676899,97,Itaquera,2030-09-02 15:00:00-03:00
2030-09-02 19:00:00,23.455292,58.97529,3.3420088,157.80095,91.89263,2.2912028,26.968613,0.19094679,97,Itaquera,2030-09-02 16:00:00-03:00
2030-09-02 20:00:00,22.13443,64.65886,3.6237626,153.41039,78.90384,1.5635501,31.974638,0.20534305,97,Itaquera,2030-09-02 17:00:00-03:00
2030-09-02 21:00:00,20.818604,69.94355,3.672049,146.88797,63.050056,0.8512161,36.427536,0.20793009,97,Itaquera,2030-09-02 18:00:00-03:00
2030-09-02 22:00:00,20.074005,72.56807,3.6497896,134.4758,57.20881,0.951017,36.61139,0.19986564,97,Itaquera,2030-09-02 19:00:00-03:00
2030-09-02 23:00:00,19.594696,73.21912,3.4322736,120.49857,49.423954,1.2940165,42.770794,0.21030201,97,Itaquera,2030-09-02 20:00:00-03:00
2030-09-03 00:00:00,19.282837,74.019,2.878523,101.06458,41.75871,1.7127807,48.462593,0.22026014,97,Itaquera,2030-09-02 21:00:00-03:00
2030-09-03 01:00:00,19.54126,71.12681,3.1249237,85.203926,37.29563,2.018788,51.31643,0.22331713,97,Itaquera,2030-09-02 22:00:00-03:00
2030-09-03 02:00:00,19.183716,73.93364,1.8819767,75.47622,6.0249248,11.438296,79.87524,0.29926223,97,Itaquera,2030-09-02 23:00:00-03:00
2030-09-03 03:00:00,19.539886,72.94772,2.4560242,55.22313,21.392122,3.6591322,62.5928,0.24536408,97,Itaquera,2030-09-03 00:00:00-03:00
2030-09-03 04:00:00,19.496857,74.96693,2.3886113,45.846626,23.980694,3.3537045,58.28854,0.2491726,97,Itaquera,2030-09-03 01:00:00-03:00
2030-09-03 05:00:00,19.455627,76.67023,2.253426,46.652504,16.819714,4.85071,62.68591,0.2667599,97,Itaquera,2030-09-03 02:00:00-03:00
2030-09-03 06:00:00,19.13092,78.46295,1.5016216,40.793915,3.177726,15.239759,73.44581,0.318779,97,Itaquera,2030-09-03 03:00:00-03:00
2030-09-03 07:00:00,18.989319,79.18975,1.0186756,64.82437,0.17801113,35.490307,75.232544,0.38216102,97,Itaquera,2030-09-03 04:00:00-03:00
2030-09-03 08:00:00,18.612732,80.772156,0.63817596,128.65614,0.00079067616,83.64806,76.61885,0.5139804,97,Itaquera,2030-09-03 05:00:00-03:00
2030-09-03 09:00:00,18.392181,81.23814,0.5599111,94.04822,0.01694252,106.22343,77.925964,0.5978014,97,Itaquera,2030-09-03 06:00:00-03:00
2030-09-03 10:00:00,18.539276,80.80303,0.9363323,83.40528,1.4865028,96.24006,77.7578,0.59329826,97,Itaquera,2030-09-03 07:00:00-03:00
2030-09-03 11:00:00,19.719513,75.579346,1.2231494,36.142876,8.664206,42.42136,74.814705,0.44869915,97,Itaquera,2030-09-03 08:00:00-03:00
2030-09-03 12:00:00,21.67514,66.23939,0.86638117,359.50046,21.139978,26.336203,72.86131,0.40610626,97,Itaquera,2030-09-03 09:00:00-03:00
2030-09-03 13:00:00,23.423035,59.923237,1.1396425,321.4699,45.678738,14.285404,54.421417,0.31641242,97,Itaquera,2030-09-03 10:00:00-03:00
2030-09-03 14:00:00,25.070465,54.181847,0.7869188,275.5216,69.225685,10.402767,47.011494,0.28107402,97,Itaquera,2030-09-03 11:00:00-03:00
2030-09-03 15:00:00,25.756958,51.175327,1.1117523,201.24724,103.37306,7.554986,47.08051,0.28790763,97,Itaquera,2030-09-03 12:00:00-03:00
2030-09-03 16:00:00,23.546448,63.40706,1.7479299,78.63434,121.84297,1.489316,12.546405,0.14468841,97,Itaquera,2030-09-03 13:00:00-03:00
2030-09-03 17:00:00,24.121094,62.18419,0.20896599,187.15694,113.07006,3.1093664,21.772524,0.16156958,97,Itaquera,2030-09-03 14:00:00-03:00
2030-09-03 18:00:00,24.184235,63.797314,1.1409184,106.200615,101.77785,3.172374,29.452309,0.18165915,97,Itaquera,2030-09-03 15:00:00-03:00
2030-09-03 19:00:00,24.203827,64.07076,1.3753122,115.08083,85.286995,1.1371808,11.68688,0.11618044,97,Itaquera,2030-09-03 16:00:00-03:00
2030-09-03 20:00:00,23.44168,64.6589,2.7967288,126.22736,86.41734,1.1862273,31.81998,0.20096208,97,Itaquera,2030-09-03 17:00:00-03:00
2030-09-03 21:00:00,21.818756,69.27502,3.026114,129.19495,85.16549,0.41711113,45.388664,0.25336224,97,Itaquera,2030-09-03 18:00:00-03:00
2030-09-03 22:00:00,20.710785,73.17493,2.9882472,115.14157,70.6581,0.5866491,56.286827,0.28111613,97,Itaquera,2030-09-03 19:00:00-03:00
2030-09-03 23:00:00,20.160217,74.189766,3.0137956,107.10108,51.308254,1.2073733,58.690006,0.26014036,97,Itaquera,2030-09-03 20:00:00-03:00
2030-09-04 00:00:00,20.003265,74.54602,2.9780452,101.7,40.38051,1.8117181,55.04759,0.23396346,97,Itaquera,2030-09-03 21:00:00-03:00
2030-09-04 01:00:00,19.974213,75.112885,3.236892,99.66467,41.115788,1.6867726,47.490658,0.21290377,97,Itaquera,2030-09-03 22:00:00-03:00
2030-09-04 02:00:00,19.646698,76.030014,3.0139947,100.161835,37.787277,1.965097,47.184616,0.21045734,97,Itaquera,2030-09-03 23:00:00-03:00
2030-09-04 03:00:00,19.306824,77.749016,2.3399425,89.4316,22.629118,3.95059,62.051434,0.241443,97,Itaquera,2030-09-04 00:00:00-03:00
2030-09-04 04:00:00,18.970337,80.07182,1.5642866,86.69607,5.1751347,13.029947,78.05956,0.29261556,97,Itaquera,2030-09-04 01:00:00-03:00
2030-09-04 05:00:00,19.051422,81.135925,1.330875,71.85271,0.7942945,25.404,81.899826,0.33190268,97,Itaquera,2030-09-04 02:00:00-03:00
2030-09-04 06:00:00,18.82483,82.7451,1.0534477,96.24025,0.10585113,46.059013,83.91797,0.38552654,97,Itaquera,2030-09-04 03:00:00-03:00
2030-09-04 07:00:00,18.305634,83.99943,0.9835074,98.10294,0.09218217,50.88568,85.3864,0.3978756,97,Itaquera,2030-09-04 04:00:00-03:00
2030-09-04 08:00:00,18.31186,85.88223,1.1591548,69.61613,0.051350188,54.69312,86.219696,0.41625056,97,Itaquera,2030-09-04 05:00:00-03:00
2030-09-04 09:00:00,18.595001,88.15082,1.679468,52.86057,0.532014,34.165028,83.790924,0.3950721,97,Itaquera,2030-09-04 06:00:00-03:00
2030-09-04 10:00:00,18.921692,86.30418,0.7629869,53.297195,4.348592,55.225334,82.363335,0.49821636,97,Itaquera,2030-09-04 07:00:00-03:00
2030-09-04 11:00:00,20.589325,76.92347,1.5157825,26.684626,17.541233,33.197453,79.40365,0.44364882,97,Itaquera,2030-09-04 08:00:00-03:00
2030-09-04 12:00:00,22.706635,65.37798,1.4026915,352.02283,44.907238,19.278456,64.84387,0.361968,97,Itaquera,2030-09-04 09:00:00-03:00
2030-09-04 13:00:00,24.173645,59.243645,0.86948055,329.95007,73.53585,12.06311,52.021015,0.30138284,97,Itaquera,2030-09-04 10:00:00-03:00
2030-09-04 14:00:00,25.51944,53.96136,0.35471582,269.2196,105.39269,8.308685,44.641605,0.28003156,97,Itaquera,2030-09-04 11:00:00-03:00
2030-09-04 15:00:00,26.537048,49.961163,0.6540156,275.85153,144.70294,5.334828,36.47378,0.27039102,97,Itaquera,2030-09-04 12:00:00-03:00
2030-09-04 16:00:00,27.216553,45.99306,0.6936995,290.15347,167.21585,3.1164784,28.38665,0.24011707,97,Itaquera,2030-09-04 13:00:00-03:00
2030-09-04 17:00:00,24.578644,61.665134,0.7049521,81.55016,124.507195,1.0673419,10.26328,0.12951234,97,Itaquera,2030-09-04 14:00:00-03:00
2030-09-04 18:00:00,24.676392,64.73017,1.973296,117.14877,103.170044,0.9507364,9.416303,0.10960256,97,Itaquera,2030-09-04 15:00:00-03:00
2030-09-04 19:00:00,25.140686,61.14147,2.4962816,121.56617,80.90859,1.5590487,18.230406,0.12795354,97,Itaquera,2030-09-04 16:00:00-03:00
2030-09-04 20:00:00,24.364166,60.629593,2.811698,136.24902,95.912415,1.0007784,29.16892,0.20378806,97,Itaquera,2030-09-04 17:00:00-03:00
2030-09-04 21:00:00,22.89331,65.5352,3.014043,125.8617,78.275185,0.5002875,42.635868,0.23537219,97,Itaquera,2030-09-04 18:00:00-03:00
2030-09-04 22:00:00,21.509125,70.84481,3.0377908,120.61085,63.146595,0.7625473,47.318752,0.23841049,97,Itaquera,2030-09-04 19:00:00-03:00
2030-09-04 23:00:00,20.963043,72.87086,3.147894,111.45231,55.22182,1.00976,50.398823,0.23167798,97,Itaquera,2030-09-04 20:00:00-03:00
2030-09-05 00:00:00,20.77243,75.54356,3.251004,103.84304,45.199055,1.456338,47.70309,0.20952871,97,Itaquera,2030-09-04 21:00:00-03:00
2030-09-05 01:00:00,20.46939,75.81871,2.8749573,100.750275,32.218052,2.543222,57.97241,0.22924395,97,Itaquera,2030-09-04 22:00:00-03:00
2030-09-05 02:00:00,20.20813,76.26317,2.6611688,93.2903,30.11876,2.7464933,59.23362,0.22876236,97,Itaquera,2030-09-04 23:00:00-03:00
2030-09-05 03:00:00,19.825592,78.2861,2.0922718,93.291504,13.301492,7.173749,75.49763,0.2665115,97,Itaquera,2030-09-05 00:00:00-03:00
2030-09-05 04:00:00,19.41156,80.185844,1.4358448,85.729744,3.1761377,18.814888,85.44715,0.31162283,97,Itaquera,2030-09-05 01:00:00-03:00
2030-09-05 05:00:00,19.65918,81.1184,1.7807819,69.10123,5.2183313,12.237946,83.16582,0.29145497,97,Itaquera,2030-09-05 02:00:00-03:00
2030-09-05 06:00:00,19.874817,81.832245,2.2948956,53.026257,14.033091,6.02352,72.43206,0.27629477,97,Itaquera,2030-09-05 03:00:00-03:00
2030-09-05 07:00:00,19.695404,82.89576,2.359472,49.489647,6.4037004,10.855823,73.82085,0.30902547,97,Itaquera,2030-09-05 04:00:00-03:00
2030-09-05 08:00:00,19.376831,84.98702,1.8878901,44.733765,0.51063406,36.18514,77.31626,0.39600575,97,Itaquera,2030-09-05 05:00:00-03:00
2030-09-05 09:00:00,19.169983,86.21272,1.3255497,42.785263,0.17081076,54.119476,77.079094,0.47563672,97,Itaquera,2030-09-05 06:00:00-03:00
2030-09-05 10:00:00,19.611969,83.104416,1.8476588,43.48806,3.267655,63.990795,75.853905,0.5440931,97,Itaquera,2030-09-05 07:00:00-03:00
2030-09-05 11:00:00,21.825226,62.43886,3.0401087,24.569172,28.675257,12.008918,43.66757,0.29382637,97,Itaquera,2030-09-05 08:00:00-03:00
2030-09-05 12:00:00,23.501373,55.977318,2.5292866,12.9731455,42.567616,10.986362,34.212444,0.25841632,97,Itaquera,2030-09-05 09:00:00-03:00
2030-09-05 13:00:00,25.374481,49.444344,2.3144495,348.62723,62.36709,7.5070047,25.040771,0.21002498,97,Itaquera,2030-09-05 10:00:00-03:00
2030-09-05 14:00:00,26.5289,45.547714,1.5666369,343.2599,83.38369,5.088616,20.822598,0.192955,97,Itaquera,2030-09-05 11:00:00-03:00
2030-09-05 15:00:00,27.5419,41.543358,0.9661308,341.09872,101.723724,4.4729185,21.732748,0.19606112,97,Itaquera,2030-09-05 12:00:00-03:00
2030-09-05 16:00:00,28.413391,38.998295,0.8698137,319.1838,115.02125,3.59686,22.050184,0.19693354,97,Itaquera,2030-09-05 13:00:00-03:00
2030-09-05 17:00:00,28.891968,37.454437,0.64028126,348.84857,122.80127,2.747617,19.883045,0.19030513,97,Itaquera,2030-09-05 14:00:00-03:00
2030-09-05 18:00:00,29.188171,37.312584,1.0519878,14.838594,126.67767,2.295695,22.124943,0.19688487,97,Itaquera,2030-09-05 15:00:00-03:00
2030-09-05 19:00:00,28.806732,42.20576,1.6290591,142.62051,116.74161,1.7299277,28.603977,0.21249701,97,Itaquera,2030-09-05 16:00:00-03:00
2030-09-05 20:00:00,26.92334,53.68915,3.0081527,105.50539,92.73776,0.67949724,16.377571,0.13583776,97,Itaquera,2030-09-05 17:00:00-03:00
2030-09-05 21:00:00,25.190948,59.501415,3.9785357,116.12088,64.065254,0.71024996,34.203247,0.22078295,97,Itaquera,2030-09-05 18:00:00-03:00
2030-09-05 22:00:00,23.816223,63.785522,4.4315658,114.16135,60.916557,0.7272002,33.441166,0.20184214,97,Itaquera,2030-09-05 19:00:00-03:00
2030-09-05 23:00:00,23.414246,63.10524,3.324981,89.51458,46.657,1.2292353,41.87086,0.2096726,97,Itaquera,2030-09-05 20:00:00-03:00
2030-09-06 00:00:00,21.797638,59.05756,3.6137807,91.06022,49.223297,1.2418208,50.13954,0.23457815,97,Itaquera,2030-09-05 21:00:00-03:00
2030-09-06 01:00:00,21.189362,61.049675,1.9076399,64.86648,7.682121,9.818214,86.37386,0.33057582,97,Itaquera,2030-09-05 22:00:00-03:00
2030-09-06 02:00:00,21.142212,62.326817,2.0817492,58.43317,3.849325,15.585641,88.32769,0.35252303,97,Itaquera,2030-09-05 23:00:00-03:00
2030-09-06 03:00:00,21.0654,65.17304,3.108611,56.605316,25.646029,2.7942739,60.699944,0.28071246,97,Itaquera,2030-09-06 00:00:00-03:00
2030-09-06 04:00:00,20.708801,67.171005,2.800798,50.15775,7.8276176,9.072889,73.39784,0.32875672,97,Itaquera,2030-09-06 01:00:00-03:00
2030-09-06 05:00:00,20.371368,68.33915,2.3277123,43.830067,1.7705973,22.97254,73.65555,0.3736203,97,Itaquera,2030-09-06 02:00:00-03:00
2030-09-06 06:00:00,19.967133,70.36149,2.4395525,42.41257,1.1213515,27.72926,72.513985,0.39059678,97,Itaquera,2030-09-06 03:00:00-03:00
2030-09-06 07:00:00,20.521606,60.545223,2.8445125,18.734581,2.39675,19.158157,70.070946,0.31765795,97,Itaquera,2030-09-06 04:00:00-03:00
2030-09-06 08:00:00,20.901672,55.09969,3.6839137,5.2939677,17.263721,4.724825,48.341915,0.22050959,97,Itaquera,2030-09-06 05:00:00-03:00
2030-09-06 09:00:00,20.508026,56.86855,3.3172119,3.8606946,8.485843,9.026507,54.17855,0.25973144,97,Itaquera,2030-09-06 06:00:00-03:00
2030-09-06 10:00:00,21.079376,55.143208,3.40835,2.240092,20.357723,12.293195,44.631443,0.27590775,97,Itaquera,2030-09-06 07:00:00-03:00
2030-09-06 11:00:00,22.59552,50.22817,4.1209173,358.18698,42.922615,9.585545,28.7096,0.2260011,97,Itaquera,2030-09-06 08:00:00-03:00
2030-09-06 12:00:00,24.429474,44.94045,4.5004334,355.31226,57.551888,7.3191624,22.299562,0.19527423,97,Itaquera,2030-09-06 09:00:00-03:00
2030-09-06 13:00:00,25.983795,41.128174,4.2415195,350.3669,70.13417,5.5625615,18.757914,0.17681193,97,Itaquera,2030-09-06 10:00:00-03:00
2030-09-06 14:00:00,27.419128,36.862087,4.0592237,341.97903,82.55138,4.4995914,17.45949,0.17258343,97,Itaquera,2030-09-06 11:00:00-03:00
2030-09-06 15:00:00,28.466553,34.365692,3.9495273,333.30832,91.70444,3.7218482,16.182364,0.1681976,97,Itaquera,2030-09-06 12:00:00-03:00
2030-09-06 16:00:00,29.177795,30.991785,4.1570697,329.08005,88.18519,3.4025095,14.478758,0.15487333,97,Itaquera,2030-09-06 13:00:00-03:00
2030-09-06 17:00:00,29.591736,31.418772,3.7930636,326.20972,89.58749,3.467286,15.855408,0.16192639,97,Itaquera,2030-09-06 14:00:00-03:00
2030-09-06 18:00:00,29.650269,32.575977,3.6081858,318.91147,91.48215,3.5000849,18.252508,0.17076552,97,Itaquera,2030-09-06 15:00:00-03:00
2030-09-06 19:00:00,29.499023,31.034979,3.611414,321.56534,85.99675,3.3138623,20.75084,0.17104734,97,Itaquera,2030-09-06 16:00:00-03:00
2030-09-06 20:00:00,29.163208,32.16216,3.4389045,316.87033,73.962456,2.7143095,29.23153,0.189708,97,Itaquera,2030-09-06 17:00:00-03:00
2030-09-06 21:00:00,28.323822,31.608917,3.553729,315.60382,53.150276,1.0217136,39.108665,0.20522885,97,Itaquera,2030-09-06 18:00:00-03:00
2030-09-06 22:00:00,27.343048,33.478134,2.8469477,323.22092,14.070479,5.5477123,71.51058,0.2915511,97,Itaquera,2030-09-06 19:00:00-03:00
2030-09-06 23:00:00,25.901398,36.68776,1.8282558,313.4849,0.20002425,43.80517,90.76635,0.4617058,97,Itaquera,2030-09-06 20:00:00-03:00
2030-09-07 00:00:00,24.835236,40.29864,1.6524968,316.01468,0.08782563,54.308903,98.83889,0.4887478,97,Itaquera,2030-09-06 21:00:00-03:00
2030-09-07 01:00:00,23.837982,43.40523,1.6669065,330.78796,0.046661362,58.999413,97.8172,0.49611315,97,Itaquera,2030-09-06 22:00:00-03:00
2030-09-07 02:00:00,23.310577,44.844376,1.4942755,332.81134,0.006232282,68.54884,94.41938,0.5135045,97,Itaquera,2030-09-06 23:00:00-03:00
2030-09-07 03:00:00,22.61499,45.01226,1.8279529,351.43674,0.018180298,58.39902,80.8614,0.4393548,97,Itaquera,2030-09-07 00:00:00-03:00
2030-09-07 04:00:00,21.990265,48.30141,1.8485783,354.52155,0.18046144,45.613823,73.947914,0.37582347,97,Itaquera,2030-09-07 01:00:00-03:00
2030-09-07 05:00:00,21.457855,51.036713,1.7160685,359.88,0.27471635,43.865635,71.45697,0.36073133,97,Itaquera,2030-09-07 02:00:00-03:00
2030-09-07 06:00:00,21.031189,53.062675,1.674825,23.654009,0.15451962,49.219448,69.45571,0.36585367,97,Itaquera,2030-09-07 03:00:00-03:00
2030-09-07 07:00:00,20.623108,54.520576,1.6058654,26.33025,0.08994167,52.28807,67.15374,0.36279497,97,Itaquera,2030-09-07 04:00:00-03:00
2030-09-07 08:00:00,20.722748,54.148735,2.1489062,18.959028,0.07992259,45.641243,65.809326,0.3482029,97,Itaquera,2030-09-07 05:00:00-03:00
2030-09-07 09:00:00,20.464813,54.807358,2.1923258,8.612728,0.15712753,56.331276,64.56579,0.41408578,97,Itaquera,2030-09-07 06:00:00-03:00
2030-09-07 10:00:00,21.337921,51.304207,2.16985,12.751133,4.5850925,71.298744,61.867687,0.51538736,97,Itaquera,2030-09-07 07:00:00-03:00
2030-09-07 11:00:00,23.741608,42.96317,2.5652854,351.7118,23.47143,32.587265,55.413555,0.37027937,97,Itaquera,2030-09-07 08:00:00-03:00
2030-09-07 12:00:00,25.961212,38.11872,2.2706473,341.93536,48.688435,13.688861,36.292572,0.24075063,97,Itaquera,2030-09-07 09:00:00-03:00
2030-09-07 13:00:00,27.687317,33.895985,2.107579,331.04544,69.81867,7.2872963,25.11862,0.18731956,97,Itaquera,2030-09-07 10:00:00-03:00
2030-09-07 14:00:00,28.660583,31.402674,1.5027237,317.9583,88.32106,5.3386245,22.610975,0.18034722,97,Itaquera,2030-09-07 11:00:00-03:00
2030-09-07 15:00:00,29.512054,29.145979,0.91003734,312.81226,104.54676,4.207671,21.292326,0.17965423,97,Itaquera,2030-09-07 12:00:00-03:00
2030-09-07 16:00:00,30.305206,27.494741,0.21782501,300.67776,121.43482,3.5451183,21.624575,0.18587749,97,Itaquera,2030-09-07 13:00:00-03:00
2030-09-07 17:00:00,30.920837,25.238438,0.00901947,243.4683,130.50342,3.0060687,21.083025,0.18531805,97,Itaquera,2030-09-07 14:00:00-03:00
2030-09-07 18:00:00,31.28064,24.764835,0.11955223,20.542913,140.20609,2.7086794,23.067947,0.19389561,97,Itaquera,2030-09-07 15:00:00-03:00
2030-09-07 19:00:00,30.468628,33.52965,2.3894944,135.51213,139.62839,1.9290934,26.218262,0.21529603,97,Itaquera,2030-09-07 16:00:00-03:00
2030-09-07 20:00:00,28.31488,44.179493,3.6317618,137.91,107.08478,1.6867024,27.282465,0.21572891,97,Itaquera,2030-09-07 17:00:00-03:00
2030-09-07 21:00:00,26.136017,50.1851,3.9018016,125.75485,72.81988,0.58271354,40.406807,0.23936117,97,Itaquera,2030-09-07 18:00:00-03:00
2030-09-07 22:00:00,24.57071,49.82908,4.065731,120.09877,64.50183,0.63287985,41.24475,0.2205445,97,Itaquera,2030-09-07 19:00:00-03:00
2030-09-07 23:00:00,23.863007,51.752113,4.5587626,104.678856,74.848015,0.47126663,35.26309,0.19704746,97,Itaquera,2030-09-07 20:00:00-03:00
2030-09-08 00:00:00,23.423798,51.59694,3.9361029,94.31568,68.690575,0.5896194,37.400505,0.19652194,97,Itaquera,2030-09-07 21:00:00-03:00
2030-09-08 01:00:00,22.784729,52.012463,3.005903,87.74354,45.067616,1.3854297,51.448765,0.22409186,97,Itaquera,2030-09-07 22:00:00-03:00
2030-09-08 02:00:00,21.98462,53.850086,1.829807,89.27877,3.7304187,16.00647,87.77305,0.32756278,97,Itaquera,2030-09-07 23:00:00-03:00
2030-09-08 03:00:00,22.329224,49.063107,2.8809156,72.0351,19.639896,4.2503147,68.34451,0.26010075,97,Itaquera,2030-09-08 00:00:00-03:00
2030-09-08 04:00:00,23.047058,46.675587,4.5256753,58.536655,50.985565,0.9636583,36.3708,0.21627006,97,Itaquera,2030-09-08 01:00:00-03:00
2030-09-08 05:00:00,22.358734,50.124683,4.0561514,54.19743,48.705746,1.142031,39.35114,0.2325721,97,Itaquera,2030-09-08 02:00:00-03:00
2030-09-08 06:00:00,21.748566,52.803818,3.7748919,51.3331,39.293816,1.6538297,46.464756,0.25162748,97,Itaquera,2030-09-08 03:00:00-03:00
2030-09-08 07:00:00,21.392975,55.16944,3.4453273,50.50875,24.242002,3.4321282,58.615837,0.28077945,97,Itaquera,2030-09-08 04:00:00-03:00
2030-09-08 08:00:00,20.887695,57.849667,3.0332093,41.11536,6.308121,10.76003,72.445595,0.33585963,97,Itaquera,2030-09-08 05:00:00-03:00
2030-09-08 09:00:00,20.378937,60.096573,1.9529173,33.51735,0.6061591,37.40387,74.8072,0.44431522,97,Itaquera,2030-09-08 06:00:00-03:00
2030-09-08 10:00:00,20.79184,58.86661,1.5518963,31.051157,5.5924354,65.460106,67.30087,0.54980224,97,Itaquera,2030-09-08 07:00:00-03:00
2030-09-08 11:00:00,23.180695,55.305874,2.4649687,355.82263,25.962622,27.781088,51.340794,0.3542416,97,Itaquera,2030-09-08 08:00:00-03:00
2030-09-08 12:00:00,25.699402,47.213585,3.1595755,350.49332,52.00036,10.152807,28.397879,0.21231717,97,Itaquera,2030-09-08 09:00:00-03:00
2030-09-08 13:00:00,27.469788,41.43426,3.067008,349.33658,70.75323,6.130278,21.3154,0.17865564,97,Itaquera,2030-09-08 10:00:00-03:00
2030-09-08 14:00:00,28.621307,37.66731,2.3793986,351.0768,85.521324,4.460077,18.318632,0.16864991,97,Itaquera,2030-09-08 11:00:00-03:00
2030-09-08 15:00:00,29.732574,34.49963,1.8096763,340.3699,97.608696,4.111276,19.427235,0.17489535,97,Itaquera,2030-09-08 12:00:00-03:00
2030-09-08 16:00:00,30.499847,33.015938,1.6183761,333.98868,107.77012,3.552176,19.151627,0.17568934,97,Itaquera,2030-09-08 13:00:00-03:00
2030-09-08 17:00:00,31.058075,31.328312,2.179391,332.93497,111.61779,2.9362707,17.855087,0.17164575,97,Itaquera,2030-09-08 14:00:00-03:00
2030-09-08 18:00:00,31.373444,31.24483,1.3552465,348.63568,110.70962,2.989962,21.088,0.17974757,97,Itaquera,2030-09-08 15:00:00-03:00
2030-09-08 19:00:00,31.486786,29.772223,1.588008,357.34445,104.785576,2.3991902,23.610628,0.18365093,97,Itaquera,2030-09-08 16:00:00-03:00
2030-09-08 20:00:00,31.208923,28.859852,1.9611753,359.60333,86.46831,1.4413661,29.847628,0.19700885,97,Itaquera,2030-09-08 17:00:00-03:00
2030-09-08 21:00:00,30.158966,31.86109,1.4596193,64.41454,61.929585,0.6954947,44.044083,0.23270594,97,Itaquera,2030-09-08 18:00:00-03:00
2030-09-08 22:00:00,26.859314,46.11222,2.5422893,118.04047,46.36687,1.1520431,55.943996,0.26217,97,Itaquera,2030-09-08 19:00:00-03:00
2030-09-08 23:00:00,26.093658,48.69351,1.4077475,135.18066,5.237246,13.050302,94.58281,0.36851367,97,Itaquera,2030-09-08 20:00:00-03:00
2030-09-09 00:00:00,24.986908,52.11894,1.0192449,107.04211,0.3780702,35.112114,92.48956,0.430631,97,Itaquera,2030-09-08 21:00:00-03:00
2030-09-09 01:00:00,24.509186,52.056694,0.5079677,151.50008,0.043427814,55.312206,88.11278,0.48263526,97,Itaquera,2030-09-08 22:00:00-03:00
2030-09-09 02:00:00,24.517792,47.866226,1.3129337,30.301212,0.28753838,39.846886,86.3475,0.4359245,97,Itaquera,2030-09-08 23:00:00-03:00
2030-09-09 03:00:00,23.972748,48.649216,1.4697747,34.629055,0.013375981,57.15928,84.35489,0.46763167,97,Itaquera,2030-09-09 00:00:00-03:00
2030-09-09 04:00:00,23.597443,44.940674,1.9114418,8.617976,0.12949286,47.53229,78.641014,0.3994982,97,Itaquera,2030-09-09 01:00:00-03:00
2030-09-09 05:00:00,23.414429,43.01285,2.221253,10.344979,3.3265228,15.610201,71.33401,0.2731807,97,Itaquera,2030-09-09 02:00:00-03:00
2030-09-09 06:00:00,23.347046,46.964302,3.583734,358.1967,23.60035,3.012557,46.19672,0.19180769,97,Itaquera,2030-09-09 03:00:00-03:00
2030-09-09 07:00:00,23.084106,46.83998,3.5409863,359.73984,23.245253,2.867383,42.651752,0.18330607,97,Itaquera,2030-09-09 04:00:00-03:00
2030-09-09 08:00:00,22.697021,46.3435,3.7621317,356.10107,20.10306,3.7811642,43.157303,0.18200105,97,Itaquera,2030-09-09 05:00:00-03:00
2030-09-09 09:00:00,22.265259,46.5094,3.6336877,351.24408,14.855483,5.2682467,46.97863,0.20789307,97,Itaquera,2030-09-09 06:00:00-03:00
2030-09-09 10:00:00,22.715118,45.026627,4.126882,351.5679,26.777573,7.831065,34.37736,0.21113901,97,Itaquera,2030-09-09 07:00:00-03:00
2030-09-09 11:00:00,24.485931,40.22223,3.9343464,346.91797,40.022797,9.420168,26.459915,0.19947802,97,Itaquera,2030-09-09 08:00:00-03:00
2030-09-09 12:00:00,26.189697,36.516838,3.5763013,342.72717,51.601604,8.216777,22.79597,0.18089034,97,Itaquera,2030-09-09 09:00:00-03:00
2030-09-09 13:00:00,27.852814,32.124794,3.9336686,332.85342,66.59729,5.8812113,19.202057,0.16422029,97,Itaquera,2030-09-09 10:00:00-03:00
2030-09-09 14:00:00,29.044434,29.473625,3.5827477,329.29947,76.10797,4.7584677,17.23895,0.15451787,97,Itaquera,2030-09-09 11:00:00-03:00
2030-09-09 15:00:00,29.790314,28.732285,3.2924938,327.22092,79.53767,4.216121,15.948359,0.1478832,97,Itaquera,2030-09-09 12:00:00-03:00
2030-09-09 16:00:00,30.468628,27.746685,2.7861402,327.33893,86.35973,3.9065073,16.514349,0.14978927,97,Itaquera,2030-09-09 13:00:00-03:00
2030-09-09 17:00:00,30.87091,27.92417,2.6738408,325.23608,88.12523,3.6145108,16.502369,0.14944366,97,Itaquera,2030-09-09 14:00:00-03:00
2030-09-09 18:00:00,31.138062,27.439991,2.4903686,330.31873,88.79837,3.5289798,18.1222,0.1539211,97,Itaquera,2030-09-09 15:00:00-03:00
2030-09-09 19:00:00,31.135864,27.335363,2.6201246,335.65515,86.36652,3.230769,20.578215,0.16166992,97,Itaquera,2030-09-09 16:00:00-03:00
2030-09-09 20:00:00,30.737335,28.078043,2.8096845,332.02136,78.37569,2.4702156,28.00023,0.18422584,97,Itaquera,2030-09-09 17:00:00-03:00
2030-09-09 21:00:00,29.849518,30.47977,2.984465,330.5081,59.175663,0.8163281,38.834084,0.20612364,97,Itaquera,2030-09-09 18:00:00-03:00
2030-09-09 22:00:00,29.119568,31.100378,2.487757,330.6542,31.03291,2.1456041,60.839268,0.25386548,97,Itaquera,2030-09-09 19:00:00-03:00
2030-09-09 23:00:00,28.117126,32.230175,2.0509715,313.68365,1.2972708,19.646914,92.00097,0.37375304,97,Itaquera,2030-09-09 20:00:00-03:00
2030-09-10 00:00:00,26.975128,38.57668,1.3884495,274.1444,0.004905269,67.276405,119.88919,0.5833018,97,Itaquera,2030-09-09 21:00:00-03:00
2030-09-10 01:00:00,26.184753,38.30069,1.3233445,202.46423,7.728359e-06,104.019585,122.19096,0.69437325,97,Itaquera,2030-09-09 22:00:00-03:00
2030-09-10 02:00:00,25.417786,38.560253,1.3937724,191.65863,0.002559159,59.86976,110.8357,0.52725434,97,Itaquera,2030-09-09 23:00:00-03:00
2030-09-10 03:00:00,24.594513,40.487377,1.417045,91.96415,0.00020446764,80.300766,105.760765,0.5701805,97,Itaquera,2030-09-10 00:00:00-03:00
2030-09-10 04:00:00,23.844543,43.09696,1.4997267,60.01597,5.0061637e-08,88.03063,110.86395,0.6061185,97,Itaquera,2030-09-10 01:00:00-03:00
2030-09-10 05:00:00,23.485565,46.402763,1.481216,38.965332,1.9162426e-06,97.63461,108.387276,0.6287684,97,Itaquera,2030-09-10 02:00:00-03:00
2030-09-10 06:00:00,23.123901,50.58826,1.4784287,19.883009,5.5951223e-06,103.006546,103.15886,0.6144538,97,Itaquera,2030-09-10 03:00:00-03:00
2030-09-10 07:00:00,22.754211,51.054787,1.3499905,2.4366448,2.1048574e-05,108.34937,96.473885,0.6122379,97,Itaquera,2030-09-10 04:00:00-03:00
2030-09-10 08:00:00,22.406647,51.811626,1.5998771,22.043215,5.573924e-05,103.00926,89.55675,0.6058499,97,Itaquera,2030-09-10 05:00:00-03:00
2030-09-10 09:00:00,22.09137,52.392868,1.6183271,29.198078,0.04950701,90.70853,79.17032,0.58014596,97,Itaquera,2030-09-10 06:00:00-03:00
2030-09-10 10:00:00,22.88324,49.717762,1.4730823,48.25492,4.5518193,89.116455,73.04383,0.6074109,97,Itaquera,2030-09-10 07:00:00-03:00
2030-09-10 11:00:00,24.454834,45.837757,0.016823296,336.58633,15.652864,91.69599,102.234276,0.70729816,97,Itaquera,2030-09-10 08:00:00-03:00
2030-09-10 12:00:00,26.56665,40.974895,1.1507915,312.4453,61.88454,22.65021,76.663994,0.4256105,97,Itaquera,2030-09-10 09:00:00-03:00
2030-09-10 13:00:00,27.994232,37.531906,0.70223445,286.02277,112.8439,12.9421425,72.02003,0.40288866,97,Itaquera,2030-09-10 10:00:00-03:00
2030-09-10 14:00:00,29.186401,32.472458,0.55565953,245.35631,147.7481,7.2093606,51.14104,0.33315703,97,Itaquera,2030-09-10 11:00:00-03:00
2030-09-10 15:00:00,30.316345,27.39778,0.05797663,263.0368,170.55391,4.4366336,37.12517,0.28924468,97,Itaquera,2030-09-10 12:00:00-03:00
2030-09-10 16:00:00,31.235138,24.344776,0.38263738,0.5339488,191.21959,2.7208738,27.00045,0.257127,97,Itaquera,2030-09-10 13:00:00-03:00
2030-09-10 17:00:00,31.936401,23.273083,1.4482359,20.078392,197.84874,2.069084,22.837303,0.23955177,97,Itaquera,2030-09-10 14:00:00-03:00
2030-09-10 18:00:00,30.806793,38.619217,3.3732522,143.51045,173.10881,1.8503399,19.519224,0.22605447,97,Itaquera,2030-09-10 15:00:00-03:00
2030-09-10 19:00:00,29.972626,41.980156,3.5425742,137.44412,142.95403,1.6531196,19.66013,0.20766076,97,Itaquera,2030-09-10 16:00:00-03:00
2030-09-10 20:00:00,28.842407,46.36669,3.6404111,132.93231,100.697136,1.7399395,25.078226,0.20603502,97,Itaquera,2030-09-10 17:00:00-03:00
2030-09-10 21:00:00,26.754425,50.240715,3.769248,124.42786,64.94378,0.7570542,37.62929,0.22256918,97,Itaquera,2030-09-10 18:00:00-03:00
2030-09-10 22:00:00,24.991852,52.664295,3.4609616,120.77247,64.65982,0.6159289,43.238384,0.22906335,97,Itaquera,2030-09-10 19:00:00-03:00
2030-09-10 23:00:00,24.259491,53.661476,3.4646037,111.8256,72.212555,0.48888066,42.43689,0.21993159,97,Itaquera,2030-09-10 20:00:00-03:00
2030-09-11 00:00:00,21.921051,60.265285,1.3948622,79.27462,55.99818,1.0134965,102.71744,0.37034315,97,Itaquera,2030-09-10 21:00:00-03:00
2030-09-11 01:00:00,21.513153,60.657887,1.2860364,88.49186,31.3998,2.703397,105.12346,0.36773065,97,Itaquera,2030-09-10 22:00:00-03:00
2030-09-11 02:00:00,20.878876,62.67983,1.253352,116.33024,14.465377,6.558063,101.969826,0.3551762,97,Itaquera,2030-09-10 23:00:00-03:00
2030-09-11 03:00:00,20.414124,64.412224,1.2378409,114.90284,7.739414,10.835428,100.150925,0.3588824,97,Itaquera,2030-09-11 00:00:00-03:00
2030-09-11 04:00:00,20.26828,64.1663,0.9300564,85.97873,2.563876,19.32601,97.31651,0.38654146,97,Itaquera,2030-09-11 01:00:00-03:00
2030-09-11 05:00:00,20.105652,64.039215,1.183945,65.6523,0.5228093,32.81267,95.1832,0.4241231,97,Itaquera,2030-09-11 02:00:00-03:00
2030-09-11 06:00:00,19.95459,64.5068,1.4248898,49.10856,0.2514752,41.616947,94.38133,0.45084557,97,Itaquera,2030-09-11 03:00:00-03:00
2030-09-11 07:00:00,20.039612,64.25419,2.094189,41.851646,0.7560097,32.808697,85.75258,0.42105117,97,Itaquera,2030-09-11 04:00:00-03:00
2030-09-11 08:00:00,19.81778,66.144615,1.8358825,21.978636,0.1278922,49.043064,76.46598,0.42206925,97,Itaquera,2030-09-11 05:00:00-03:00
2030-09-11 09:00:00,20.181366,63.36987,2.3461819,355.12112,0.24920748,48.606766,68.16955,0.42358062,97,Itaquera,2030-09-11 06:00:00-03:00
2030-09-11 10:00:00,21.732574,55.85055,2.6077952,358.0941,8.25566,42.466537,61.645916,0.43249512,97,Itaquera,2030-09-11 07:00:00-03:00
2030-09-11 11:00:00,24.015259,47.847725,3.1981866,340.49426,37.497902,15.282527,40.18547,0.2770576,97,Itaquera,2030-09-11 08:00:00-03:00
2030-09-11 12:00:00,26.198639,42.038567,3.1505432,325.27847,58.026913,9.091242,28.404034,0.21644403,97,Itaquera,2030-09-11 09:00:00-03:00
2030-09-11 13:00:00,27.526886,38.938637,3.0192246,311.39175,77.202324,6.219366,23.533983,0.19658937,97,Itaquera,2030-09-11 10:00:00-03:00
2030-09-11 14:00:00,28.59732,36.47887,2.6407938,300.482,93.01892,4.680332,20.768406,0.1850996,97,Itaquera,2030-09-11 11:00:00-03:00
2030-09-11 15:00:00,29.547577,34.217945,2.0473986,296.13324,107.463394,4.001767,20.700462,0.18835165,97,Itaquera,2030-09-11 12:00:00-03:00
2030-09-11 16:00:00,30.20047,33.025005,1.448369,296.18442,129.7633,3.3991647,22.014381,0.20223747,97,Itaquera,2030-09-11 13:00:00-03:00
2030-09-11 17:00:00,30.784363,31.355873,1.1045889,290.75003,145.49384,2.952289,23.251156,0.21265034,97,Itaquera,2030-09-11 14:00:00-03:00
2030-09-11 18:00:00,31.020111,31.006905,1.0796598,288.91992,156.5714,2.4732609,24.747255,0.2210898,97,Itaquera,2030-09-11 15:00:00-03:00
2030-09-11 19:00:00,31.04068,31.418842,1.0530196,304.12946,160.63503,1.9551989,28.793043,0.23600553,97,Itaquera,2030-09-11 16:00:00-03:00
2030-09-11 20:00:00,28.856537,46.52042,3.6877027,147.86009,167.08757,0.6015689,31.530722,0.26385394,97,Itaquera,2030-09-11 17:00:00-03:00
2030-09-11 21:00:00,27.017822,51.824398,3.567541,142.46986,141.82968,0.0943053,40.54469,0.27606165,97,Itaquera,2030-09-11 18:00:00-03:00
2030-09-11 22:00:00,25.387024,55.308315,3.1930766,117.58331,117.27941,0.0961197,49.541153,0.28998405,97,Itaquera,2030-09-11 19:00:00-03:00
2030-09-11 23:00:00,24.671265,54.051617,2.8486483,112.89261,106.4077,0.14827307,53.40182,0.2752349,97,Itaquera,2030-09-11 20:00:00-03:00
2030-09-12 00:00:00,24.164917,55.77081,1.8780644,113.533066,73.78102,0.49050677,84.5696,0.33081225,97,Itaquera,2030-09-11 21:00:00-03:00
2030-09-12 01:00:00,23.808624,54.601986,1.983803,69.04994,79.68211,0.35401714,75.29709,0.31296873,97,Itaquera,2030-09-11 22:00:00-03:00
2030-09-12 02:00:00,23.543182,54.57705,1.7420439,74.14653,55.65687,0.92132384,94.11273,0.3453079,97,Itaquera,2030-09-11 23:00:00-03:00
2030-09-12 03:00:00,23.117554,55.62845,2.3688917,79.23042,47.9788,1.284712,87.67842,0.32275742,97,Itaquera,2030-09-12 00:00:00-03:00
2030-09-12 04:00:00,23.056091,55.038002,2.448702,82.4021,24.622166,3.5596206,87.30859,0.31382656,97,Itaquera,2030-09-12 01:00:00-03:00
2030-09-12 05:00:00,22.70691,55.161003,2.3369749,92.560425,19.272278,4.6742225,82.72318,0.30241868,97,Itaquera,2030-09-12 02:00:00-03:00
2030-09-12 06:00:00,21.31253,65.59906,1.9272643,145.98969,16.33315,5.5608006,92.97457,0.3368552,97,Itaquera,2030-09-12 03:00:00-03:00
2030-09-12 07:00:00,20.564178,77.14012,2.1840427,189.23752,3.269917,18.918234,105.442406,0.4036405,97,Itaquera,2030-09-12 04:00:00-03:00
2030-09-12 08:00:00,19.786316,84.378136,2.4247801,184.46884,6.318768,12.531768,103.52526,0.37828463,97,Itaquera,2030-09-12 05:00:00-03:00
2030-09-12 09:00:00,19.255402,89.33492,2.076907,190.17262,2.1492505,23.833048,105.49241,0.43195087,97,Itaquera,2030-09-12 06:00:00-03:00
2030-09-12 10:00:00,19.645294,86.00092,2.0123613,193.08601,14.388393,27.592049,96.68326,0.46853918,97,Itaquera,2030-09-12 07:00:00-03:00
2030-09-12 11:00:00,21.44748,74.203705,1.4939386,183.08325,52.365437,20.15774,72.38067,0.40448478,97,Itaquera,2030-09-12 08:00:00-03:00
2030-09-12 12:00:00,23.503357,61.991535,0.9988416,162.87265,86.782425,12.229347,54.984753,0.34047678,97,Itaquera,2030-09-12 09:00:00-03:00
2030-09-12 13:00:00,25.295929,56.213085,1.0705277,172.19913,117.304405,6.5403805,37.386047,0.28601274,97,Itaquera,2030-09-12 10:00:00-03:00
2030-09-12 14:00:00,26.458649,53.355015,1.9517313,171.81912,134.24785,3.0591586,21.659403,0.22649674,97,Itaquera,2030-09-12 11:00:00-03:00
2030-09-12 15:00:00,26.409912,58.073917,3.0312142,143.75977,139.65921,2.1203723,17.527624,0.20785247,97,Itaquera,2030-09-12 12:00:00-03:00
2030-09-12 16:00:00,26.283752,60.204617,4.1411014,161.00208,106.14422,1.438448,8.838731,0.1296495,97,Itaquera,2030-09-12 13:00:00-03:00
2030-09-12 17:00:00,24.751648,66.57798,4.6668873,164.48276,96.58361,2.6684585,16.262518,0.16734819,97,Itaquera,2030-09-12 14:00:00-03:00
2030-09-12 18:00:00,24.21164,66.79324,3.887614,171.67497,89.1637,2.9918282,19.666912,0.17410646,97,Itaquera,2030-09-12 15:00:00-03:00
2030-09-12 19:00:00,23.371704,67.8998,5.2077117,166.681,92.39081,2.4332309,18.815235,0.17398681,97,Itaquera,2030-09-12 16:00:00-03:00
2030-09-12 20:00:00,21.948639,77.11473,5.0188837,163.70692,77.380516,1.4203764,23.612223,0.18025936,97,Itaquera,2030-09-12 17:00:00-03:00
2030-09-12 21:00:00,20.76706,82.04454,4.330286,159.55215,69.06152,0.713084,28.880424,0.19085953,97,Itaquera,2030-09-12 18:00:00-03:00
2030-09-12 22:00:00,19.953766,83.43683,3.971677,155.39201,62.99935,0.75500566,30.893263,0.18480897,97,Itaquera,2030-09-12 19:00:00-03:00
2030-09-12 23:00:00,19.562103,84.87258,3.4774888,151.89864,55.90535,0.9849364,33.97101,0.18254033,97,Itaquera,2030-09-12 20:00:00-03:00
2030-09-13 00:00:00,19.172821,86.67736,3.34924,145.97577,60.71291,0.8535762,35.414047,0.18705976,97,Itaquera,2030-09-12 21:00:00-03:00
2030-09-13 01:00:00,19.002197,87.813675,3.236433,140.92885,60.7091,0.85071826,36.879845,0.1901259,97,Itaquera,2030-09-12 22:00:00-03:00
2030-09-13 02:00:00,19.03357,84.48245,3.3731897,143.15675,68.030396,0.67685527,36.40101,0.19029346,97,Itaquera,2030-09-12 23:00:00-03:00
2030-09-13 03:00:00,18.826202,86.82515,3.178844,140.70859,61.553074,0.8357554,37.20786,0.18639432,97,Itaquera,2030-09-13 00:00:00-03:00
2030-09-13 04:00:00,18.704071,91.403145,2.6417906,128.91086,50.365414,1.2157753,43.901424,0.18568009,97,Itaquera,2030-09-13 01:00:00-03:00
2030-09-13 05:00:00,18.269012,93.04789,2.4044936,121.90621,33.155014,2.3388658,58.31591,0.21282545,97,Itaquera,2030-09-13 02:00:00-03:00
2030-09-13 06:00:00,18.080536,93.283615,2.3072758,133.71849,32.94126,2.4650838,60.112114,0.21538514,97,Itaquera,2030-09-13 03:00:00-03:00
2030-09-13 07:00:00,18.091064,93.31954,3.111525,133.77359,45.841084,1.5188314,49.607117,0.19221915,97,Itaquera,2030-09-13 04:00:00-03:00
2030-09-13 08:00:00,18.166962,94.81619,2.643813,134.80212,31.399874,2.7495482,60.609367,0.21255152,97,Itaquera,2030-09-13 05:00:00-03:00
2030-09-13 09:00:00,18.01233,94.93563,2.3546326,123.95889,26.18501,3.6972697,65.58396,0.23772003,97,Itaquera,2030-09-13 06:00:00-03:00
2030-09-13 10:00:00,18.469666,90.05149,2.5411117,115.124466,44.877254,4.004664,52.246372,0.23660967,97,Itaquera,2030-09-13 07:00:00-03:00
2030-09-13 11:00:00,20.152283,78.04183,2.6005864,96.19736,68.06678,3.3452144,30.789097,0.19671246,97,Itaquera,2030-09-13 08:00:00-03:00
2030-09-13 12:00:00,21.973938,65.37062,2.5560656,78.44174,80.1185,5.1508403,25.942144,0.20641422,97,Itaquera,2030-09-13 09:00:00-03:00
2030-09-13 13:00:00,23.509674,56.560295,2.7741618,69.601166,99.58806,4.301194,19.997097,0.19861104,97,Itaquera,2030-09-13 10:00:00-03:00
2030-09-13 14:00:00,25.050629,49.40714,2.7035518,74.28189,108.18982,3.232333,15.69716,0.18131332,97,Itaquera,2030-09-13 11:00:00-03:00
2030-09-13 15:00:00,26.094452,46.266945,2.8783772,115.37782,107.06812,2.8705928,14.497707,0.16764197,97,Itaquera,2030-09-13 12:00:00-03:00
2030-09-13 16:00:00,25.413513,59.438854,2.6280208,131.91391,97.84221,2.294913,11.888063,0.13493663,97,Itaquera,2030-09-13 13:00:00-03:00
2030-09-13 17:00:00,24.506714,64.20723,4.4337316,130.16545,94.40025,1.1980312,5.4703784,0.10197401,97,Itaquera,2030-09-13 14:00:00-03:00
2030-09-13 18:00:00,25.011688,60.274258,5.4156356,116.20877,88.302574,2.1296847,11.423879,0.11781772,97,Itaquera,2030-09-13 15:00:00-03:00
2030-09-13 19:00:00,23.93814,63.21569,6.016031,117.1382,86.178665,2.1928914,12.138898,0.122530945,97,Itaquera,2030-09-13 16:00:00-03:00
2030-09-13 20:00:00,22.251038,71.14562,6.3829303,116.553795,74.94351,1.1722153,15.532607,0.13350244,97,Itaquera,2030-09-13 17:00:00-03:00
2030-09-13 21:00:00,20.439453,81.071655,6.3182745,119.123,71.1994,0.6152254,16.653872,0.13632263,97,Itaquera,2030-09-13 18:00:00-03:00
2030-09-13 22:00:00,19.58374,83.58041,5.9853063,115.23468,64.69499,0.704448,18.411364,0.13923363,97,Itaquera,2030-09-13 19:00:00-03:00
2030-09-13 23:00:00,18.846313,87.22406,5.4250364,105.69635,60.68811,0.83654815,21.084797,0.14244099,97,Itaquera,2030-09-13 20:00:00-03:00
2030-09-14 00:00:00,18.54364,87.49398,4.557096,102.769295,52.650425,1.1097952,26.260382,0.15200986,97,Itaquera,2030-09-13 21:00:00-03:00
2030-09-14 01:00:00,18.705719,82.14955,5.147985,96.23939,49.419403,1.1794105,25.44472,0.15127674,97,Itaquera,2030-09-13 22:00:00-03:00
2030-09-14 02:00:00,18.666565,79.427025,5.1077447,86.33292,42.56848,1.4522886,26.320831,0.15072602,97,Itaquera,2030-09-13 23:00:00-03:00
2030-09-14 03:00:00,18.949005,75.05012,5.1128836,76.58378,47.324333,1.2329956,24.39934,0.14335443,97,Itaquera,2030-09-14 00:00:00-03:00
2030-09-14 04:00:00,18.733124,76.25666,5.3665924,67.18579,45.960197,1.2695171,22.586548,0.1374502,97,Itaquera,2030-09-14 01:00:00-03:00
2030-09-14 05:00:00,18.336853,79.6709,5.282154,62.713497,40.129673,1.5629005,22.56859,0.13867688,97,Itaquera,2030-09-14 02:00:00-03:00
2030-09-14 06:00:00,17.94873,84.38568,5.3938103,60.457253,32.287395,2.077257,23.133999,0.1436964,97,Itaquera,2030-09-14 03:00:00-03:00
2030-09-14 07:00:00,17.993103,85.06719,5.7566485,57.141457,27.98083,2.4444933,23.416143,0.14687467,97,Itaquera,2030-09-14 04:00:00-03:00
2030-09-14 08:00:00,17.732758,86.97869,5.5245957,53.409992,22.39771,3.203334,26.27763,0.16046897,97,Itaquera,2030-09-14 05:00:00-03:00
2030-09-14 09:00:00,17.476257,86.83442,5.058363,49.77253,15.364071,4.8509717,30.548296,0.1891263,97,Itaquera,2030-09-14 06:00:00-03:00
2030-09-14 10:00:00,17.763733,84.16978,4.270783,45.63405,12.176034,10.617677,32.154217,0.24087504,97,Itaquera,2030-09-14 07:00:00-03:00
2030-09-14 11:00:00,19.260284,74.599365,3.587286,43.16839,20.139425,12.585446,29.865496,0.2584756,97,Itaquera,2030-09-14 08:00:00-03:00
2030-09-14 12:00:00,21.261261,64.76238,2.944618,43.437332,31.42941,13.292648,29.716112,0.2653433,97,Itaquera,2030-09-14 09:00:00-03:00
2030-09-14 13:00:00,23.484467,54.947475,2.4280965,34.61678,49.840496,9.770766,27.468866,0.2396087,97,Itaquera,2030-09-14 10:00:00-03:00
2030-09-14 14:00:00,25.17041,49.3695,1.6309596,19.566912,74.86667,6.313731,23.127428,0.21343942,97,Itaquera,2030-09-14 11:00:00-03:00
2030-09-14 15:00:00,26.542206,46.06565,1.2996556,9.850612,96.187706,4.2023654,21.344604,0.2033556,97,Itaquera,2030-09-14 12:00:00-03:00
2030-09-14 16:00:00,27.355713,42.84778,2.2484863,350.90945,98.85726,2.8713503,15.55858,0.16169028,97,Itaquera,2030-09-14 13:00:00-03:00
2030-09-14 17:00:00,27.441711,43.121937,1.5448241,38.297356,94.15484,2.541969,15.754979,0.15214822,97,Itaquera,2030-09-14 14:00:00-03:00
2030-09-14 18:00:00,26.991028,45.86204,0.16026975,197.17131,90.63108,2.4873745,18.83784,0.15446863,97,Itaquera,2030-09-14 15:00:00-03:00
2030-09-14 19:00:00,26.058258,50.94538,0.18819393,251.3573,104.772354,0.76821655,9.335814,0.121817395,97,Itaquera,2030-09-14 16:00:00-03:00
2030-09-14 20:00:00,25.252838,55.0088,1.5466058,76.73782,78.17818,1.276312,31.657282,0.17677459,97,Itaquera,2030-09-14 17:00:00-03:00
2030-09-14 21:00:00,24.278656,60.11117,1.3853419,64.40871,86.37801,0.35689613,15.907865,0.12804486,97,Itaquera,2030-09-14 18:00:00-03:00
2030-09-14 22:00:00,23.365814,65.91973,2.9437697,37.074574,84.16123,0.33939034,15.494416,0.12569837,97,Itaquera,2030-09-14 19:00:00-03:00
2030-09-14 23:00:00,22.68219,74.066986,2.7702875,48.292362,50.1653,1.1094285,41.9002,0.18081531,97,Itaquera,2030-09-14 20:00:00-03:00
2030-09-15 00:00:00,22.297638,71.84749,2.7949896,58.02225,42.77801,1.4343237,45.30659,0.19317773,97,Itaquera,2030-09-14 21:00:00-03:00
2030-09-15 01:00:00,21.661774,78.633156,2.5940704,55.881733,32.4894,2.1693997,50.555695,0.21341532,97,Itaquera,2030-09-14 22:00:00-03:00
2030-09-15 02:00:00,21.281647,79.86671,3.3816028,47.804455,28.412903,2.5411372,45.940247,0.19611776,97,Itaquera,2030-09-14 23:00:00-03:00
2030-09-15 03:00:00,20.938904,79.55789,3.545884,56.570164,28.082462,2.562493,42.004894,0.19159241,97,Itaquera,2030-09-15 00:00:00-03:00
2030-09-15 04:00:00,20.686707,78.5449,4.387941,49.74808,30.563883,2.2089233,34.03248,0.18877871,97,Itaquera,2030-09-15 01:00:00-03:00
2030-09-15 05:00:00,20.190216,81.29672,3.5197458,46.89347,15.058489,4.7698407,45.59103,0.23553686,97,Itaquera,2030-09-15 02:00:00-03:00
2030-09-15 06:00:00,19.571625,84.63484,3.367057,44.373882,12.98904,5.4706793,44.25198,0.2298821,97,Itaquera,2030-09-15 03:00:00-03:00
2030-09-15 07:00:00,19.51062,84.25357,2.7126992,38.40009,3.1538074,13.009244,52.64321,0.2728054,97,Itaquera,2030-09-15 04:00:00-03:00
2030-09-15 08:00:00,19.35492,84.295364,2.6088228,36.72368,0.9699807,20.5987,55.354675,0.2983371,97,Itaquera,2030-09-15 05:00:00-03:00
2030-09-15 09:00:00,19.373322,82.47358,2.044489,33.374462,0.21385147,38.35025,57.637558,0.36876428,97,Itaquera,2030-09-15 06:00:00-03:00
2030-09-15 10:00:00,19.99414,77.801575,1.9996253,31.184767,3.0097585,46.453934,58.75543,0.4305363,97,Itaquera,2030-09-15 07:00:00-03:00
2030-09-15 11:00:00,21.778137,66.54328,2.1818311,12.5844755,17.713646,20.391396,54.51013,0.33617228,97,Itaquera,2030-09-15 08:00:00-03:00
2030-09-15 12:00:00,23.783539,56.640137,2.0704703,345.58353,36.84279,13.412688,43.40391,0.2648964,97,Itaquera,2030-09-15 09:00:00-03:00
2030-09-15 13:00:00,25.505981,48.14301,2.014804,329.47525,56.010197,7.1582017,27.455097,0.19033323,97,Itaquera,2030-09-15 10:00:00-03:00
2030-09-15 14:00:00,26.457916,44.290524,2.0357835,324.17856,76.25772,4.328914,19.3534,0.16463964,97,Itaquera,2030-09-15 11:00:00-03:00
2030-09-15 15:00:00,27.132324,43.118813,1.0154885,294.25018,90.24389,4.250717,20.507519,0.17328966,97,Itaquera,2030-09-15 12:00:00-03:00
2030-09-15 16:00:00,27.486816,42.83709,0.3520102,171.7274,109.68874,3.314707,21.952744,0.18233134,97,Itaquera,2030-09-15 13:00:00-03:00
2030-09-15 17:00:00,25.514832,57.265743,2.151691,126.93727,129.00497,1.864075,19.797281,0.17729445,97,Itaquera,2030-09-15 14:00:00-03:00
2030-09-15 18:00:00,22.463196,76.85824,0.97741014,60.698593,125.89332,0.5935769,9.737351,0.13658507,97,Itaquera,2030-09-15 15:00:00-03:00
2030-09-15 19:00:00,24.40622,65.10142,2.0432098,128.86148,120.85996,0.79011136,17.888088,0.15300007,97,Itaquera,2030-09-15 16:00:00-03:00
2030-09-15 20:00:00,23.743713,64.71999,2.8187897,136.19923,121.86571,0.752577,37.048573,0.2516804,97,Itaquera,2030-09-15 17:00:00-03:00
2030-09-15 21:00:00,22.835907,68.8195,2.816371,120.47764,106.49344,0.23501275,41.985638,0.25012302,97,Itaquera,2030-09-15 18:00:00-03:00
2030-09-15 22:00:00,22.153168,71.5417,2.5981872,123.56389,98.265686,0.23115507,48.090107,0.25970387,97,Itaquera,2030-09-15 19:00:00-03:00
2030-09-15 23:00:00,21.804596,73.34255,2.4306378,128.25322,89.36277,0.30586106,57.944984,0.28076884,97,Itaquera,2030-09-15 20:00:00-03:00
2030-09-16 00:00:00,19.542633,63.621197,2.5524762,112.336525,33.512352,2.5264518,61.319447,0.23429056,97,Itaquera,2030-09-15 21:00:00-03:00
2030-09-16 01:00:00,19.088898,66.58927,2.264441,92.933334,29.285524,2.9939961,66.83581,0.24378532,97,Itaquera,2030-09-15 22:00:00-03:00
2030-09-16 02:00:00,18.439941,69.936424,1.4800282,101.6103,7.959817,11.360456,86.16297,0.29735154,97,Itaquera,2030-09-15 23:00:00-03:00
2030-09-16 03:00:00,17.864899,71.75726,1.3063167,117.3399,5.7942796,14.266315,87.51874,0.30299097,97,Itaquera,2030-09-16 00:00:00-03:00
2030-09-16 04:00:00,17.475037,71.34925,1.4106112,116.10636,3.6332064,17.920803,85.84872,0.3078708,97,Itaquera,2030-09-16 01:00:00-03:00
2030-09-16 05:00:00,17.401764,68.96603,1.5678055,101.82184,2.4763231,20.091648,78.4956,0.31286615,97,Itaquera,2030-09-16 02:00:00-03:00
2030-09-16 06:00:00,17.180603,71.87616,1.38106,95.250626,1.0947298,28.287607,80.704765,0.3460467,97,Itaquera,2030-09-16 03:00:00-03:00
2030-09-16 07:00:00,17.157532,76.58239,1.6783386,76.2339,0.70508736,31.849504,81.37015,0.3611276,97,Itaquera,2030-09-16 04:00:00-03:00
2030-09-16 08:00:00,16.744446,80.82446,1.4683816,95.01187,0.40289155,39.171543,78.16736,0.37769997,97,Itaquera,2030-09-16 05:00:00-03:00
2030-09-16 09:00:00,16.45514,84.944855,1.5094044,103.67986,0.7670287,35.63093,77.741425,0.38802624,97,Itaquera,2030-09-16 06:00:00-03:00
2030-09-16 10:00:00,17.028381,82.75648,0.8804114,106.90656,7.9722633,47.96378,72.92925,0.44959328,97,Itaquera,2030-09-16 07:00:00-03:00
2030-09-16 11:00:00,19.394531,72.795364,1.2376972,73.673096,33.9987,28.477556,61.661713,0.38118276,97,Itaquera,2030-09-16 08:00:00-03:00
2030-09-16 12:00:00,21.556396,62.45502,0.5985989,75.665474,65.04982,15.413605,49.354813,0.3163488,97,Itaquera,2030-09-16 09:00:00-03:00
2030-09-16 13:00:00,23.52118,54.00678,0.0029925732,284.47906,96.42634,9.509444,41.46713,0.28250152,97,Itaquera,2030-09-16 10:00:00-03:00
2030-09-16 14:00:00,25.0047,47.695923,0.12533952,206.61365,132.62958,5.390787,31.939394,0.25863078,97,Itaquera,2030-09-16 11:00:00-03:00
2030-09-16 15:00:00,25.775452,47.189617,2.454058,171.28914,151.94667,2.9210458,22.47753,0.23582159,97,Itaquera,2030-09-16 12:00:00-03:00
2030-09-16 16:00:00,25.476318,49.40456,3.2359295,167.06003,126.569275,2.7889013,16.382988,0.18369459,97,Itaquera,2030-09-16 13:00:00-03:00
2030-09-16 17:00:00,25.013733,49.8611,3.907349,162.93996,104.977005,3.1583974,15.6776705,0.16522674,97,Itaquera,2030-09-16 14:00:00-03:00
2030-09-16 18:00:00,24.031036,50.682194,4.6877127,157.86104,87.07249,3.6343908,15.661963,0.1547479,97,Itaquera,2030-09-16 15:00:00-03:00
2030-09-16 19:00:00,22.532532,57.93552,4.9594717,155.13869,77.142975,3.7515836,17.180687,0.15449855,97,Itaquera,2030-09-16 16:00:00-03:00
2030-09-16 20:00:00,20.64447,69.11368,4.9536014,154.3928,66.92884,2.4217422,21.81895,0.16233522,97,Itaquera,2030-09-16 17:00:00-03:00
2030-09-16 21:00:00,18.883606,78.426605,4.6735525,155.16238,56.836174,1.1400825,27.204876,0.17123978,97,Itaquera,2030-09-16 18:00:00-03:00
2030-09-16 22:00:00,18.016205,81.9265,4.3604503,149.00732,61.964554,0.8320756,27.425787,0.1637033,97,Itaquera,2030-09-16 19:00:00-03:00
2030-09-16 23:00:00,17.638092,83.4822,4.094187,144.72067,59.19402,0.94451076,29.319384,0.15855415,97,Itaquera,2030-09-16 20:00:00-03:00
2030-09-17 00:00:00,17.187927,86.054344,3.8789148,145.75311,59.234634,0.95009553,30.039524,0.15735586,97,Itaquera,2030-09-16 21:00:00-03:00
2030-09-17 01:00:00,16.979279,82.03618,4.037979,139.10619,52.038033,1.1719412,28.937635,0.1503767,97,Itaquera,2030-09-16 22:00:00-03:00
2030-09-17 02:00:00,16.903473,79.32947,3.7595146,134.22566,45.67638,1.4673134,31.867212,0.15388773,97,Itaquera,2030-09-16 23:00:00-03:00
2030-09-17 03:00:00,16.545837,81.99959,3.4885066,131.97282,40.09541,1.8535454,37.97709,0.16987395,97,Itaquera,2030-09-17 00:00:00-03:00
2030-09-17 04:00:00,16.092224,86.5648,3.012855,133.4789,32.66317,2.486079,46.388523,0.18833825,97,Itaquera,2030-09-17 01:00:00-03:00
2030-09-17 05:00:00,15.967834,89.197525,3.2209435,135.86981,34.243797,2.4031706,43.991417,0.18403053,97,Itaquera,2030-09-17 02:00:00-03:00
2030-09-17 06:00:00,15.909821,90.28907,3.111467,135.1762,33.26455,2.577941,45.696186,0.1898359,97,Itaquera,2030-09-17 03:00:00-03:00
2030-09-17 07:00:00,15.971558,89.564224,2.956431,137.3589,29.24091,3.1196973,50.51366,0.20036203,97,Itaquera,2030-09-17 04:00:00-03:00
2030-09-17 08:00:00,16.065765,87.72356,2.92214,133.31926,28.695902,3.3078725,52.916573,0.20676997,97,Itaquera,2030-09-17 05:00:00-03:00
2030-09-17 09:00:00,15.851471,88.03055,2.8894906,130.2684,22.058311,4.89007,59.548294,0.23446845,97,Itaquera,2030-09-17 06:00:00-03:00
2030-09-17 10:00:00,16.840424,81.12164,3.2143147,119.5432,38.40944,4.6905723,43.688812,0.21644734,97,Itaquera,2030-09-17 07:00:00-03:00
2030-09-17 11:00:00,18.401062,73.79412,2.635271,106.75287,53.37275,4.5882015,28.384996,0.18840604,97,Itaquera,2030-09-17 08:00:00-03:00
2030-09-17 12:00:00,20.248657,64.54802,2.2887003,106.19006,63.29737,5.23962,21.031683,0.16757229,97,Itaquera,2030-09-17 09:00:00-03:00
2030-09-17 13:00:00,21.965393,57.32478,2.3615744,136.80244,73.11701,4.723684,17.299961,0.1549444,97,Itaquera,2030-09-17 10:00:00-03:00
2030-09-17 14:00:00,22.582062,58.83714,3.2928622,162.35065,80.44441,3.7009518,14.855568,0.14280307,97,Itaquera,2030-09-17 11:00:00-03:00
2030-09-17 15:00:00,22.931824,57.26132,3.6411543,154.16676,84.64668,3.1737046,12.797347,0.13435225,97,Itaquera,2030-09-17 12:00:00-03:00
2030-09-17 16:00:00,23.036896,57.250668,4.1987987,155.34663,80.85662,3.296249,12.352745,0.12836102,97,Itaquera,2030-09-17 13:00:00-03:00
2030-09-17 17:00:00,22.750671,57.958916,4.76876,150.85687,77.87973,3.3579998,12.089331,0.12852511,97,Itaquera,2030-09-17 14:00:00-03:00
2030-09-17 18:00:00,21.720795,63.9427,5.414314,152.6064,73.50331,3.5958495,13.234646,0.13191961,97,Itaquera,2030-09-17 15:00:00-03:00
2030-09-17 19:00:00,20.638641,69.41706,5.5320044,151.39198,63.151947,3.647563,15.8774,0.13795662,97,Itaquera,2030-09-17 16:00:00-03:00
2030-09-17 20:00:00,19.242401,76.3854,5.2043204,149.26308,50.152355,2.8381572,20.473045,0.14689416,97,Itaquera,2030-09-17 17:00:00-03:00
2030-09-17 21:00:00,18.02893,79.731316,4.6753373,143.89062,38.55731,2.0725708,24.43199,0.15069786,97,Itaquera,2030-09-17 18:00:00-03:00
2030-09-17 22:00:00,17.209381,80.20502,4.1683426,130.39139,29.840118,2.5174234,26.6143,0.14673397,97,Itaquera,2030-09-17 19:00:00-03:00
2030-09-17 23:00:00,16.866089,74.72788,3.780546,126.53501,24.44278,3.2091763,29.619883,0.14984304,97,Itaquera,2030-09-17 20:00:00-03:00
2030-09-18 00:00:00,16.642548,73.755844,3.667275,114.49283,23.87693,3.3669398,33.123306,0.15578808,97,Itaquera,2030-09-17 21:00:00-03:00
2030-09-18 01:00:00,16.451843,79.864006,4.0408335,113.144714,29.421259,2.631569,30.203829,0.14827025,97,Itaquera,2030-09-17 22:00:00-03:00
2030-09-18 02:00:00,16.4516,82.79135,4.3390627,113.33092,25.112795,3.1692767,28.724411,0.14390859,97,Itaquera,2030-09-17 23:00:00-03:00
2030-09-18 03:00:00,16.587982,79.95082,4.1268654,100.32553,24.156437,3.3137856,30.394335,0.14732559,97,Itaquera,2030-09-18 00:00:00-03:00
2030-09-18 04:00:00,16.506989,78.01589,4.3093143,92.83613,23.169619,3.5346463,32.158638,0.15261912,97,Itaquera,2030-09-18 01:00:00-03:00
2030-09-18 05:00:00,16.505249,77.296555,3.8594546,88.60077,18.00021,4.496794,37.090977,0.16512513,97,Itaquera,2030-09-18 02:00:00-03:00
2030-09-18 06:00:00,16.566223,75.673416,3.2432652,84.68315,11.210217,6.7475047,43.492825,0.18215269,97,Itaquera,2030-09-18 03:00:00-03:00
2030-09-18 07:00:00,16.382202,73.90753,3.0093784,84.545654,7.2156696,10.161622,47.927494,0.19772387,97,Itaquera,2030-09-18 04:00:00-03:00
2030-09-18 08:00:00,16.385254,71.71893,3.1386764,81.37499,8.434001,9.6076765,48.546608,0.1983898,97,Itaquera,2030-09-18 05:00:00-03:00
2030-09-18 09:00:00,16.332092,72.163345,2.9197092,82.23494,4.726414,14.207651,53.356422,0.2341865,97,Itaquera,2030-09-18 06:00:00-03:00
2030-09-18 10:00:00,16.968323,70.28579,3.5316567,70.703064,17.445765,10.992949,44.35761,0.22985557,97,Itaquera,2030-09-18 07:00:00-03:00
2030-09-18 11:00:00,18.228882,67.931496,3.196068,75.33297,36.7726,8.369942,31.42001,0.20091873,97,Itaquera,2030-09-18 08:00:00-03:00
2030-09-18 12:00:00,19.766296,62.506878,2.7065418,76.279335,46.45087,8.692005,26.60547,0.19181001,97,Itaquera,2030-09-18 09:00:00-03:00
2030-09-18 13:00:00,21.597076,56.952145,2.848469,78.8321,59.69244,6.28705,20.666979,0.1714837,97,Itaquera,2030-09-18 10:00:00-03:00
2030-09-18 14:00:00,23.365387,51.708244,2.732812,82.24033,70.931114,4.58207,16.309467,0.15988217,97,Itaquera,2030-09-18 11:00:00-03:00
2030-09-18 15:00:00,24.797058,47.690105,2.1053782,80.29328,80.36735,3.773978,16.088234,0.16095106,97,Itaquera,2030-09-18 12:00:00-03:00
2030-09-18 16:00:00,23.486816,62.885227,3.8180845,144.41566,86.71439,1.7581191,9.0251465,0.12826157,97,Itaquera,2030-09-18 13:00:00-03:00
2030-09-18 17:00:00,23.809723,59.267918,4.0090513,145.84492,77.09098,2.8635025,14.324618,0.14202751,97,Itaquera,2030-09-18 14:00:00-03:00
2030-09-18 18:00:00,22.79895,64.21951,4.276607,135.14769,68.318405,2.8903923,15.451886,0.1435445,97,Itaquera,2030-09-18 15:00:00-03:00
2030-09-18 19:00:00,22.60672,59.737556,4.261512,132.32977,60.712315,2.978226,18.743578,0.14955106,97,Itaquera,2030-09-18 16:00:00-03:00
2030-09-18 20:00:00,21.121307,63.5675,4.241306,134.29503,48.108536,2.759057,24.529375,0.1617834,97,Itaquera,2030-09-18 17:00:00-03:00
2030-09-18 21:00:00,19.678192,69.50669,3.9621196,135.92921,35.2727,2.4352078,30.81476,0.17187531,97,Itaquera,2030-09-18 18:00:00-03:00
2030-09-18 22:00:00,18.971893,71.31465,3.8059664,127.921074,31.001804,2.4759674,34.06762,0.17528334,97,Itaquera,2030-09-18 19:00:00-03:00
2030-09-18 23:00:00,18.899963,69.98915,3.9256551,116.414215,31.077623,2.4322898,35.991936,0.17819233,97,Itaquera,2030-09-18 20:00:00-03:00
2030-09-19 00:00:00,18.966187,69.5996,3.9691918,104.4726,32.622,2.241441,33.648106,0.17082582,97,Itaquera,2030-09-18 21:00:00-03:00
2030-09-19 01:00:00,18.79187,70.630875,4.1422014,94.842735,30.157284,2.4587638,32.594193,0.17034993,97,Itaquera,2030-09-18 22:00:00-03:00
2030-09-19 02:00:00,18.948517,69.91177,4.1487093,88.34071,31.684912,2.2776182,33.330772,0.16862835,97,Itaquera,2030-09-18 23:00:00-03:00
2030-09-19 03:00:00,18.939484,69.099304,4.0957966,81.49291,35.651985,1.9271708,31.58515,0.16115233,97,Itaquera,2030-09-19 00:00:00-03:00
2030-09-19 04:00:00,18.794342,68.88557,3.8262973,76.784904,33.29048,2.1225803,33.621174,0.16354656,97,Itaquera,2030-09-19 01:00:00-03:00
2030-09-19 05:00:00,18.575226,69.556305,3.6226516,73.32027,30.97427,2.332335,34.830166,0.16500771,97,Itaquera,2030-09-19 02:00:00-03:00
2030-09-19 06:00:00,18.40561,70.51767,3.3765666,74.82015,26.433428,2.8744128,37.450798,0.16922076,97,Itaquera,2030-09-19 03:00:00-03:00
2030-09-19 07:00:00,18.25293,71.60457,3.0702548,76.33882,18.04852,4.3350606,42.69259,0.18053262,97,Itaquera,2030-09-19 04:00:00-03:00
2030-09-19 08:00:00,18.003906,73.335045,2.7574155,75.8854,6.7998376,9.329813,49.568714,0.20550735,97,Itaquera,2030-09-19 05:00:00-03:00
2030-09-19 09:00:00,17.713654,77.05504,2.6616437,73.12358,2.1318567,16.719156,49.35688,0.23827758,97,Itaquera,2030-09-19 06:00:00-03:00
2030-09-19 10:00:00,18.236908,76.090965,3.1015635,64.77855,11.602317,12.866095,39.91429,0.23110561,97,Itaquera,2030-09-19 07:00:00-03:00
2030-09-19 11:00:00,19.479126,71.14345,3.5317197,64.731384,27.347115,8.782532,26.382616,0.2015369,97,Itaquera,2030-09-19 08:00:00-03:00
2030-09-19 12:00:00,21.327301,63.043476,3.3095906,66.664894,39.67968,8.032322,20.738983,0.19166857,97,Itaquera,2030-09-19 09:00:00-03:00
2030-09-19 13:00:00,23.079712,56.05862,2.90238,62.272015,54.481457,6.1763244,19.142923,0.1869802,97,Itaquera,2030-09-19 10:00:00-03:00
2030-09-19 14:00:00,24.581543,50.421528,2.4535909,60.577217,73.76349,4.382542,17.162739,0.18254872,97,Itaquera,2030-09-19 11:00:00-03:00
2030-09-19 15:00:00,25.665833,46.382286,2.475671,68.09042,84.84794,3.5476825,15.931913,0.17791781,97,Itaquera,2030-09-19 12:00:00-03:00
2030-09-19 16:00:00,25.978516,46.95791,2.888564,97.91074,82.58856,3.140738,15.714364,0.16261213,97,Itaquera,2030-09-19 13:00:00-03:00
2030-09-19 17:00:00,25.710175,52.50569,3.5750356,111.10316,84.75169,1.8744758,10.174331,0.13123628,97,Itaquera,2030-09-19 14:00:00-03:00
2030-09-19 18:00:00,25.447754,53.712646,3.0108576,129.76599,90.17405,0.98241746,7.153873,0.11451,97,Itaquera,2030-09-19 15:00:00-03:00
2030-09-19 19:00:00,24.204346,59.578392,3.6567137,125.37997,96.95916,0.86331725,8.963698,0.12561037,97,Itaquera,2030-09-19 16:00:00-03:00
2030-09-19 20:00:00,23.67392,59.633717,3.987869,118.087776,63.637722,1.8501925,23.43628,0.15810072,97,Itaquera,2030-09-19 17:00:00-03:00
2030-09-19 21:00:00,21.487518,65.71343,4.065857,133.89467,42.473907,2.002035,31.77146,0.1767646,97,Itaquera,2030-09-19 18:00:00-03:00
2030-09-19 22:00:00,20.635132,66.641205,3.8601348,121.12745,36.947647,1.9230778,34.017395,0.17315526,97,Itaquera,2030-09-19 19:00:00-03:00
2030-09-19 23:00:00,20.14618,67.37155,3.7011323,104.4271,27.077303,2.7768571,39.470066,0.18570577,97,Itaquera,2030-09-19 20:00:00-03:00
2030-09-20 00:00:00,20.45288,62.89939,3.7465055,85.652405,19.98628,3.7362127,41.010216,0.19134083,97,Itaquera,2030-09-19 21:00:00-03:00
2030-09-20 01:00:00,20.601593,61.12277,4.293802,67.81108,33.679783,1.9593548,32.46633,0.1724312,97,Itaquera,2030-09-19 22:00:00-03:00
2030-09-20 02:00:00,19.919556,65.09049,4.915889,54.191986,44.162598,1.3493156,26.230942,0.16126984,97,Itaquera,2030-09-19 23:00:00-03:00
2030-09-20 03:00:00,19.276825,68.83079,4.800694,49.56463,39.05924,1.6405549,29.49257,0.16956438,97,Itaquera,2030-09-20 00:00:00-03:00
2030-09-20 04:00:00,18.681732,72.49907,4.4798107,50.85559,36.540855,1.8749008,32.30377,0.17572069,97,Itaquera,2030-09-20 01:00:00-03:00
2030-09-20 05:00:00,18.28897,74.71293,4.3753667,45.8456,31.372507,2.3111465,34.067726,0.17911074,97,Itaquera,2030-09-20 02:00:00-03:00
2030-09-20 06:00:00,18.209198,75.58878,3.9781654,48.2352,24.240494,3.159485,37.293842,0.18870425,97,Itaquera,2030-09-20 03:00:00-03:00
2030-09-20 07:00:00,18.105652,76.482895,3.7692125,48.42676,14.472925,5.2758827,43.018898,0.2068987,97,Itaquera,2030-09-20 04:00:00-03:00
2030-09-20 08:00:00,17.98587,77.137115,3.5863075,47.52906,8.444716,8.0371475,44.541286,0.22129558,97,Itaquera,2030-09-20 05:00:00-03:00
2030-09-20 09:00:00,17.776947,78.34104,3.1953137,40.93082,2.5259905,15.718205,46.943016,0.26808044,97,Itaquera,2030-09-20 06:00:00-03:00
2030-09-20 10:00:00,18.171906,76.38513,3.0340438,38.377132,7.642599,21.287273,40.637165,0.30070812,97,Itaquera,2030-09-20 07:00:00-03:00
2030-09-20 11:00:00,19.762665,67.63979,3.1365588,39.28409,20.175268,17.257221,33.215473,0.2822987,97,Itaquera,2030-09-20 08:00:00-03:00
2030-09-20 12:00:00,21.803406,57.290813,3.0087583,33.366524,37.75302,13.058191,29.428715,0.25623783,97,Itaquera,2030-09-20 09:00:00-03:00
2030-09-20 13:00:00,23.812988,49.311123,2.447445,27.791582,61.712692,9.286188,26.236439,0.23216628,97,Itaquera,2030-09-20 10:00:00-03:00
2030-09-20 14:00:00,25.516754,43.545937,1.8804148,35.062454,85.55901,5.970402,22.40329,0.2179677,97,Itaquera,2030-09-20 11:00:00-03:00
2030-09-20 15:00:00,26.747192,39.233894,1.6390153,39.932606,102.1925,3.8400586,17.563368,0.19276372,97,Itaquera,2030-09-20 12:00:00-03:00
2030-09-20 16:00:00,27.606934,36.671047,1.506735,26.756788,110.51427,2.867556,15.288825,0.17574206,97,Itaquera,2030-09-20 13:00:00-03:00
2030-09-20 17:00:00,28.060333,36.831516,1.4044715,18.706537,115.25133,2.32517,14.668915,0.1708078,97,Itaquera,2030-09-20 14:00:00-03:00
2030-09-20 18:00:00,28.261658,36.459797,1.6177592,61.224926,95.04915,2.6226182,19.018358,0.16547415,97,Itaquera,2030-09-20 15:00:00-03:00
2030-09-20 19:00:00,28.551483,34.33581,3.0108175,8.240645,75.53019,2.6245496,21.63324,0.1616047,97,Itaquera,2030-09-20 16:00:00-03:00
2030-09-20 20:00:00,27.947601,35.900074,2.7540548,353.2384,64.11743,2.0839713,27.910885,0.17950769,97,Itaquera,2030-09-20 17:00:00-03:00
2030-09-20 21:00:00,27.262268,37.05685,2.7939713,3.6638746,60.11472,0.87281936,28.92305,0.17722896,97,Itaquera,2030-09-20 18:00:00-03:00
2030-09-20 22:00:00,23.770355,55.47146,2.544557,124.16304,27.177332,3.0076497,60.385517,0.25937915,97,Itaquera,2030-09-20 19:00:00-03:00
2030-09-20 23:00:00,23.657745,54.484093,2.6601117,101.82833,34.445778,2.1421463,51.889515,0.23032108,97,Itaquera,2030-09-20 20:00:00-03:00
2030-09-21 00:00:00,21.569305,58.858757,2.3149645,108.53108,7.6150584,10.254178,79.74058,0.30341658,97,Itaquera,2030-09-20 21:00:00-03:00
2030-09-21 01:00:00,21.068146,61.94154,1.2712379,83.594734,1.1811959,22.321424,83.28471,0.35092756,97,Itaquera,2030-09-20 22:00:00-03:00
2030-09-21 02:00:00,20.72699,66.69263,3.4324377,64.74825,7.597559,9.189149,68.07054,0.29607782,97,Itaquera,2030-09-20 23:00:00-03:00
2030-09-21 03:00:00,20.231049,69.86012,3.5743263,53.083717,19.61767,3.9631224,46.650883,0.23563334,97,Itaquera,2030-09-21 00:00:00-03:00
2030-09-21 04:00:00,19.821533,71.105125,3.3495486,44.19382,12.3688755,6.1867037,49.130585,0.24846914,97,Itaquera,2030-09-21 01:00:00-03:00
2030-09-21 05:00:00,19.613434,71.83048,2.8070602,42.723404,1.8715781,19.110796,56.433945,0.30919093,97,Itaquera,2030-09-21 02:00:00-03:00
2030-09-21 06:00:00,20.220764,69.13416,3.722757,23.945835,11.60913,6.8183417,54.211143,0.25199535,97,Itaquera,2030-09-21 03:00:00-03:00
2030-09-21 07:00:00,20.422638,70.08847,3.9681673,16.748133,18.624985,4.5948772,46.862762,0.19898607,97,Itaquera,2030-09-21 04:00:00-03:00
2030-09-21 08:00:00,20.445068,69.83497,3.4126236,18.170183,7.4887176,10.196983,55.01774,0.23094246,97,Itaquera,2030-09-21 05:00:00-03:00
2030-09-21 09:00:00,20.394989,67.91964,3.0837173,17.78701,0.7141999,32.730457,59.57501,0.33196348,97,Itaquera,2030-09-21 06:00:00-03:00
2030-09-21 10:00:00,21.135193,62.659195,3.297456,9.932911,5.9112587,34.53249,55.252144,0.36187923,97,Itaquera,2030-09-21 07:00:00-03:00
2030-09-21 11:00:00,22.420135,57.300003,3.8970597,3.4101522,31.342628,10.299682,33.45632,0.22389074,97,Itaquera,2030-09-21 08:00:00-03:00
2030-09-21 12:00:00,23.82486,52.522205,4.080672,358.97308,44.99872,7.9603043,25.478903,0.18872851,97,Itaquera,2030-09-21 09:00:00-03:00
2030-09-21 13:00:00,25.337982,48.461586,3.772888,349.79272,62.578175,6.5386186,19.721704,0.16898386,97,Itaquera,2030-09-21 10:00:00-03:00
2030-09-21 14:00:00,27.16858,42.423347,3.4786909,338.23007,73.76625,4.639511,17.726452,0.1525676,97,Itaquera,2030-09-21 11:00:00-03:00
2030-09-21 15:00:00,27.965302,39.98472,3.6824615,319.04852,72.27729,4.039135,16.327253,0.14230226,97,Itaquera,2030-09-21 12:00:00-03:00
2030-09-21 16:00:00,28.583252,39.058277,2.999905,328.5703,73.69414,3.0931902,11.345043,0.12274099,97,Itaquera,2030-09-21 13:00:00-03:00
2030-09-21 17:00:00,27.024353,43.406216,2.823674,14.966426,70.304825,2.9015243,12.641379,0.11851396,97,Itaquera,2030-09-21 14:00:00-03:00
2030-09-21 18:00:00,24.378906,57.42567,3.711318,344.39288,77.00042,2.9509456,17.430643,0.13206401,97,Itaquera,2030-09-21 15:00:00-03:00
2030-09-21 19:00:00,24.154205,57.549946,2.0044692,315.60458,77.00024,1.6300792,18.635666,0.13347416,97,Itaquera,2030-09-21 16:00:00-03:00
2030-09-21 20:00:00,21.246124,76.61814,0.97156495,353.77533,61.99392,3.0266728,33.422688,0.16153206,97,Itaquera,2030-09-21 17:00:00-03:00
2030-09-21 21:00:00,22.778534,66.66235,0.5379808,341.95337,10.345763,14.2699585,85.23105,0.34678882,97,Itaquera,2030-09-21 18:00:00-03:00
2030-09-21 22:00:00,23.12326,64.932205,1.6254351,27.86074,3.8765893,14.789096,88.77078,0.35365978,97,Itaquera,2030-09-21 19:00:00-03:00
2030-09-21 23:00:00,23.402863,63.37117,1.3689992,46.28162,0.32924893,29.053167,88.18565,0.38396356,97,Itaquera,2030-09-21 20:00:00-03:00
2030-09-22 00:00:00,23.195343,64.465096,1.9391943,29.291658,2.7516081,16.38331,80.860535,0.32160446,97,Itaquera,2030-09-21 21:00:00-03:00
2030-09-22 01:00:00,22.58432,68.25411,2.13366,17.200542,1.2265533,20.023102,81.42307,0.34731528,97,Itaquera,2030-09-21 22:00:00-03:00
2030-09-22 02:00:00,21.838928,71.73872,3.669019,6.436198,26.50192,2.7127743,53.935276,0.20446078,97,Itaquera,2030-09-21 23:00:00-03:00
2030-09-22 03:00:00,21.741241,71.57886,0.9698805,327.72232,13.591715,5.857589,64.712715,0.21710809,97,Itaquera,2030-09-22 00:00:00-03:00
2030-09-22 04:00:00,19.45279,88.41109,1.957588,324.63513,36.88096,1.7446398,43.034367,0.1657942,97,Itaquera,2030-09-22 01:00:00-03:00
2030-09-22 05:00:00,18.64624,96.47958,1.9125371,285.48328,24.074854,4.1613765,52.064114,0.1850315,97,Itaquera,2030-09-22 02:00:00-03:00
2030-09-22 06:00:00,18.563965,97.23782,2.511456,325.49127,8.854097,9.052574,68.62902,0.2256263,97,Itaquera,2030-09-22 03:00:00-03:00
2030-09-22 07:00:00,18.934967,90.43907,1.4081639,340.2407,23.127232,3.7105079,58.37091,0.19787706,97,Itaquera,2030-09-22 04:00:00-03:00
2030-09-22 08:00:00,19.001434,88.35072,2.7471626,17.924696,14.180217,5.9166512,60.781807,0.20622258,97,Itaquera,2030-09-22 05:00:00-03:00
2030-09-22 09:00:00,18.757996,91.15301,0.88635564,4.7929244,1.0174713,21.541372,72.66162,0.29644626,97,Itaquera,2030-09-22 06:00:00-03:00
2030-09-22 10:00:00,19.252441,88.40242,1.018626,4.744506,4.056274,31.981422,71.8045,0.35480994,97,Itaquera,2030-09-22 07:00:00-03:00
2030-09-22 11:00:00,19.479614,89.865845,0.6272542,80.7177,55.09676,2.6812954,21.544338,0.14223643,97,Itaquera,2030-09-22 08:00:00-03:00
2030-09-22 12:00:00,20.340027,86.34382,0.7186551,70.635735,69.042175,2.8429723,20.447351,0.1418516,97,Itaquera,2030-09-22 09:00:00-03:00
2030-09-22 13:00:00,22.213562,74.8015,0.008765589,300.95822,92.59735,1.1938456,9.5040865,0.108183004,97,Itaquera,2030-09-22 10:00:00-03:00
2030-09-22 14:00:00,23.552582,66.42598,0.076662056,198.44911,93.84625,1.4760586,9.737691,0.10985986,97,Itaquera,2030-09-22 11:00:00-03:00
2030-09-22 15:00:00,22.07193,80.445366,4.5860076,175.52672,91.230064,2.0209374,12.457225,0.116658755,97,Itaquera,2030-09-22 12:00:00-03:00
2030-09-22 16:00:00,23.031158,69.60896,4.570576,161.6436,80.188576,3.1536067,18.409683,0.14438172,97,Itaquera,2030-09-22 13:00:00-03:00
2030-09-22 17:00:00,22.80365,70.67618,5.6309385,164.64879,75.11174,2.6906562,15.91629,0.13477239,97,Itaquera,2030-09-22 14:00:00-03:00
2030-09-22 18:00:00,22.034363,75.13349,5.885765,165.03986,73.18006,2.2972505,16.659916,0.13653004,97,Itaquera,2030-09-22 15:00:00-03:00
2030-09-22 19:00:00,21.457031,75.63364,5.3358264,164.06165,66.88227,2.0683253,19.27495,0.1400606,97,Itaquera,2030-09-22 16:00:00-03:00
2030-09-22 20:00:00,20.64978,78.840385,4.9851556,163.78659,68.61523,1.4216142,22.984777,0.15002781,97,Itaquera,2030-09-22 17:00:00-03:00
2030-09-22 21:00:00,19.755066,82.69493,4.9488316,165.90855,59.934116,0.9774888,25.329203,0.15327342,97,Itaquera,2030-09-22 18:00:00-03:00
2030-09-22 22:00:00,19.286774,85.76622,4.632554,159.30116,53.350155,1.0396678,25.429897,0.14321744,97,Itaquera,2030-09-22 19:00:00-03:00
2030-09-22 23:00:00,19.063782,86.898315,4.5768666,153.76115,48.52225,1.219008,25.140009,0.13668485,97,Itaquera,2030-09-22 20:00:00-03:00
2030-09-23 00:00:00,18.902557,90.826485,4.007218,154.77391,32.93351,2.1622272,32.091457,0.1559724,97,Itaquera,2030-09-22 21:00:00-03:00
2030-09-23 01:00:00,18.761139,93.13816,3.8386343,154.42491,38.386425,1.8075789,29.981949,0.14274049,97,Itaquera,2030-09-22 22:00:00-03:00
2030-09-23 02:00:00,18.895966,90.74205,5.2681274,160.76076,64.01399,0.6906704,12.555844,0.10976401,97,Itaquera,2030-09-22 23:00:00-03:00
2030-09-23 03:00:00,18.63321,90.89512,5.31483,160.1881,57.567646,0.878881,21.198914,0.1250109,97,Itaquera,2030-09-23 00:00:00-03:00
2030-09-23 04:00:00,18.448273,90.11878,5.432287,162.0591,58.622158,0.85044014,20.929033,0.124540426,97,Itaquera,2030-09-23 01:00:00-03:00
2030-09-23 05:00:00,18.211395,90.696686,5.2381644,164.91212,51.737816,1.0629361,22.20331,0.12408822,97,Itaquera,2030-09-23 02:00:00-03:00
2030-09-23 06:00:00,17.960297,92.03047,4.521141,169.02643,42.369198,1.5175167,26.463648,0.13120069,97,Itaquera,2030-09-23 03:00:00-03:00
2030-09-23 07:00:00,17.848022,91.34492,4.726633,167.76118,42.725304,1.5048308,26.13422,0.12907521,97,Itaquera,2030-09-23 04:00:00-03:00
2030-09-23 08:00:00,17.621704,92.52334,4.1278434,167.36464,34.831142,2.1290495,31.574461,0.14115839,97,Itaquera,2030-09-23 05:00:00-03:00
2030-09-23 09:00:00,17.49881,90.907555,4.180309,164.40767,33.732582,2.326993,30.069237,0.14787634,97,Itaquera,2030-09-23 06:00:00-03:00
2030-09-23 10:00:00,18.072205,87.02706,4.439604,163.07343,36.892334,3.5922823,25.10176,0.15099113,97,Itaquera,2030-09-23 07:00:00-03:00
2030-09-23 11:00:00,19.086334,80.99897,4.58852,162.11617,43.77649,4.4853573,19.184027,0.14131233,97,Itaquera,2030-09-23 08:00:00-03:00
2030-09-23 12:00:00,20.006287,77.81483,4.663726,161.45955,52.069763,4.753135,16.174185,0.13454278,97,Itaquera,2030-09-23 09:00:00-03:00
2030-09-23 13:00:00,21.04242,68.27615,5.000872,162.62576,59.00026,4.8003902,12.558841,0.12501338,97,Itaquera,2030-09-23 10:00:00-03:00
2030-09-23 14:00:00,21.898712,63.550476,5.0224056,161.22758,61.505875,4.5998282,11.38772,0.12127967,97,Itaquera,2030-09-23 11:00:00-03:00
2030-09-23 15:00:00,22.505554,60.809807,5.457857,161.2885,63.08841,4.2550178,10.648674,0.119061,97,Itaquera,2030-09-23 12:00:00-03:00
2030-09-23 16:00:00,22.70694,60.484905,5.694492,159.18924,62.5002,4.1097856,10.363488,0.116894156,97,Itaquera,2030-09-23 13:00:00-03:00
2030-09-23 17:00:00,22.45102,61.40252,6.043304,158.45291,60.40828,3.9701898,10.1761675,0.11622442,97,Itaquera,2030-09-23 14:00:00-03:00
2030-09-23 18:00:00,21.901245,64.43016,6.338544,156.42952,56.62088,3.9040332,10.570995,0.115971684,97,Itaquera,2030-09-23 15:00:00-03:00
2030-09-23 19:00:00,21.01715,68.36754,6.19128,153.17937,48.91925,3.4314659,11.984373,0.11707201,97,Itaquera,2030-09-23 16:00:00-03:00
2030-09-23 20:00:00,20.04013,72.744804,5.5861626,150.22777,39.649982,3.0655472,15.399138,0.12516633,97,Itaquera,2030-09-23 17:00:00-03:00
2030-09-23 21:00:00,18.700806,78.96273,4.8396907,143.81134,34.30012,2.2704864,19.176537,0.13038659,97,Itaquera,2030-09-23 18:00:00-03:00
2030-09-23 22:00:00,17.937195,83.2215,4.569305,144.44287,30.036045,2.3487682,21.469105,0.13127108,97,Itaquera,2030-09-23 19:00:00-03:00
2030-09-23 23:00:00,17.68335,84.28252,4.3652,144.74902,28.382988,2.5331206,22.752453,0.13017693,97,Itaquera,2030-09-23 20:00:00-03:00
2030-09-24 00:00:00,17.412262,85.16504,3.67806,138.39952,25.075619,2.974816,24.989716,0.13345851,97,Itaquera,2030-09-23 21:00:00-03:00
2030-09-24 01:00:00,17.037659,89.0618,2.8323123,121.85694,17.776577,4.2957826,30.571222,0.1474618,97,Itaquera,2030-09-23 22:00:00-03:00
2030-09-24 02:00:00,16.821564,91.78824,1.9053161,91.151634,3.0598302,13.121749,43.818375,0.19743279,97,Itaquera,2030-09-23 23:00:00-03:00
2030-09-24 03:00:00,16.85672,89.291,2.777822,100.457695,14.272971,5.5473967,34.094646,0.1544906,97,Itaquera,2030-09-24 00:00:00-03:00
2030-09-24 04:00:00,16.808899,87.90159,2.479673,125.6121,7.283272,9.991667,41.170773,0.17703003,97,Itaquera,2030-09-24 01:00:00-03:00
2030-09-24 05:00:00,16.631927,88.27593,1.5639453,133.97728,1.2408355,24.102589,47.488308,0.22321282,97,Itaquera,2030-09-24 02:00:00-03:00
2030-09-24 06:00:00,16.309418,90.619316,0.95967007,109.50862,0.133878,47.336933,48.758446,0.28677368,97,Itaquera,2030-09-24 03:00:00-03:00
2030-09-24 07:00:00,15.932739,91.06451,1.150483,112.61354,0.16150166,49.38231,48.936066,0.29542142,97,Itaquera,2030-09-24 04:00:00-03:00
2030-09-24 08:00:00,15.759338,90.78158,1.3935113,90.473335,0.12432114,49.679623,48.48085,0.30135974,97,Itaquera,2030-09-24 05:00:00-03:00
2030-09-24 09:00:00,15.702942,91.17923,1.3403201,83.81514,0.1281799,70.22104,47.805954,0.37887076,97,Itaquera,2030-09-24 06:00:00-03:00
2030-09-24 10:00:00,17.282562,82.560455,2.820914,56.19345,7.9151835,24.508219,43.979527,0.2713342,97,Itaquera,2030-09-24 07:00:00-03:00
2030-09-24 11:00:00,19.009705,74.88727,3.190599,52.000626,30.307137,12.787677,28.856794,0.21664724,97,Itaquera,2030-09-24 08:00:00-03:00
2030-09-24 12:00:00,20.859833,64.73682,2.619977,48.049057,46.390354,12.446518,27.027834,0.21788956,97,Itaquera,2030-09-24 09:00:00-03:00
2030-09-24 13:00:00,22.925323,55.049835,1.4569325,40.985302,64.46695,10.318377,28.91185,0.22337276,97,Itaquera,2030-09-24 10:00:00-03:00
2030-09-24 14:00:00,24.730255,48.16172,0.24405283,351.53256,88.901566,7.942459,30.308674,0.22837813,97,Itaquera,2030-09-24 11:00:00-03:00
2030-09-24 15:00:00,26.121002,43.430912,0.19871925,278.18604,121.4245,5.318791,28.415092,0.2320379,97,Itaquera,2030-09-24 12:00:00-03:00
2030-09-24 16:00:00,27.345886,39.648026,0.38286972,218.01308,159.73633,3.758207,27.795212,0.24884106,97,Itaquera,2030-09-24 13:00:00-03:00
2030-09-24 17:00:00,28.63095,35.428116,0.6056435,247.32463,186.91734,3.0513535,28.67818,0.26584172,97,Itaquera,2030-09-24 14:00:00-03:00
2030-09-24 18:00:00,29.286438,33.11766,0.7828964,280.94043,207.46175,2.5188184,29.436693,0.2763824,97,Itaquera,2030-09-24 15:00:00-03:00
2030-09-24 19:00:00,28.575836,42.2379,2.0190356,146.54073,172.68536,2.301704,34.421627,0.26486772,97,Itaquera,2030-09-24 16:00:00-03:00
2030-09-24 20:00:00,25.651703,57.95588,3.5742736,146.46774,112.78857,2.442702,31.481018,0.22176935,97,Itaquera,2030-09-24 17:00:00-03:00
2030-09-24 21:00:00,23.976044,63.07627,3.268082,145.83044,97.06794,0.579396,45.5534,0.2547848,97,Itaquera,2030-09-24 18:00:00-03:00
2030-09-24 22:00:00,22.990662,64.72719,2.959438,136.26329,94.73037,0.23189975,54.651043,0.2738305,97,Itaquera,2030-09-24 19:00:00-03:00
2030-09-24 23:00:00,22.260193,65.82113,2.8982954,109.13258,76.58024,0.45639372,50.502846,0.24343705,97,Itaquera,2030-09-24 20:00:00-03:00
2030-09-25 00:00:00,22.11081,66.292274,2.1965823,97.57526,42.903603,1.6022002,73.93046,0.2794544,97,Itaquera,2030-09-24 21:00:00-03:00
2030-09-25 01:00:00,21.97351,65.66604,2.5067146,99.512085,40.620712,1.7356633,61.26123,0.2398799,97,Itaquera,2030-09-24 22:00:00-03:00
2030-09-25 02:00:00,21.555481,69.055435,1.486907,104.74073,17.63092,5.288412,81.0561,0.27882087,97,Itaquera,2030-09-24 23:00:00-03:00
2030-09-25 03:00:00,21.464142,69.37258,0.83169407,107.228004,2.2552307,21.309227,89.64111,0.33270365,97,Itaquera,2030-09-25 00:00:00-03:00
2030-09-25 04:00:00,21.51767,68.35443,1.0310252,81.73148,0.34869772,36.862617,88.23427,0.3831779,97,Itaquera,2030-09-25 01:00:00-03:00
2030-09-25 05:00:00,21.583069,68.009636,1.4165921,44.741676,0.5659512,28.308931,82.34004,0.36397484,97,Itaquera,2030-09-25 02:00:00-03:00
2030-09-25 06:00:00,21.33139,69.17256,0.7296213,43.964603,0.1677443,46.009792,79.27726,0.41617453,97,Itaquera,2030-09-25 03:00:00-03:00
2030-09-25 07:00:00,21.065674,70.71035,0.52020735,67.93882,0.0017756402,76.7071,78.8742,0.5046725,97,Itaquera,2030-09-25 04:00:00-03:00
2030-09-25 08:00:00,20.691376,72.70599,0.77707505,102.5727,0.0008626826,87.56577,77.78395,0.54467416,97,Itaquera,2030-09-25 05:00:00-03:00
2030-09-25 09:00:00,20.199524,75.158485,0.8928687,116.71387,0.24487458,79.11618,77.19795,0.54014856,97,Itaquera,2030-09-25 06:00:00-03:00
2030-09-25 10:00:00,20.836761,72.24988,0.41627514,90.12005,6.971605,85.1713,77.43971,0.58813626,97,Itaquera,2030-09-25 07:00:00-03:00
2030-09-25 11:00:00,22.516388,65.90406,0.521916,41.84787,27.491465,51.35151,88.66933,0.53079516,97,Itaquera,2030-09-25 08:00:00-03:00
2030-09-25 12:00:00,24.373749,58.244442,0.012087232,320.05478,68.565506,29.477007,100.5719,0.5125922,97,Itaquera,2030-09-25 09:00:00-03:00
2030-09-25 13:00:00,26.06543,50.160004,0.0049947384,250.27724,123.458626,15.103614,85.34486,0.44883138,97,Itaquera,2030-09-25 10:00:00-03:00
2030-09-25 14:00:00,27.714844,39.844482,0.5937243,208.99709,164.88281,8.200929,61.240414,0.37702832,97,Itaquera,2030-09-25 11:00:00-03:00
2030-09-25 15:00:00,28.802917,37.359154,1.33413,183.02231,196.89261,3.9526656,36.60812,0.31629845,97,Itaquera,2030-09-25 12:00:00-03:00
2030-09-25 16:00:00,29.064514,37.471104,2.614334,169.63571,153.20882,2.346903,17.524368,0.20293607,97,Itaquera,2030-09-25 13:00:00-03:00
2030-09-25 17:00:00,28.94577,35.37482,3.3996735,159.301,109.71632,2.9044883,15.922583,0.16177382,97,Itaquera,2030-09-25 14:00:00-03:00
2030-09-25 18:00:00,27.909271,38.36121,3.7267802,152.8561,89.98598,3.4088566,16.00008,0.1506548,97,Itaquera,2030-09-25 15:00:00-03:00
2030-09-25 19:00:00,26.348206,43.585175,3.9337664,151.01683,75.84302,4.388947,20.410421,0.16089825,97,Itaquera,2030-09-25 16:00:00-03:00
2030-09-25 20:00:00,24.890839,49.121502,3.6692674,149.08409,65.21897,4.0539193,26.7296,0.17797099,97,Itaquera,2030-09-25 17:00:00-03:00
2030-09-25 21:00:00,23.160828,55.80193,3.3149815,148.86722,47.65672,1.9243838,37.004078,0.1935654,97,Itaquera,2030-09-25 18:00:00-03:00
2030-09-25 22:00:00,22.24356,60.566463,2.5176287,139.93517,24.970081,2.9750562,51.900497,0.22037391,97,Itaquera,2030-09-25 19:00:00-03:00
2030-09-25 23:00:00,21.64206,62.03795,2.6252508,141.58244,21.701866,3.5104153,50.927017,0.20796362,97,Itaquera,2030-09-25 20:00:00-03:00
2030-09-26 00:00:00,20.878662,56.25669,2.431187,132.59409,23.500093,3.7335646,61.501873,0.23372388,97,Itaquera,2030-09-25 21:00:00-03:00
2030-09-26 01:00:00,20.400055,56.48838,1.4744893,83.59235,9.049972,8.72158,75.07948,0.26875144,97,Itaquera,2030-09-25 22:00:00-03:00
2030-09-26 02:00:00,19.77295,59.21154,2.1824894,89.282005,10.684744,8.136986,76.6616,0.2702895,97,Itaquera,2030-09-25 23:00:00-03:00
2030-09-26 03:00:00,19.277466,62.42218,1.2893537,118.05749,6.036218,13.302927,83.022896,0.30009854,97,Itaquera,2030-09-26 00:00:00-03:00
2030-09-26 04:00:00,18.833221,65.50611,1.0942023,112.83245,1.9966013,23.155397,83.506195,0.32453662,97,Itaquera,2030-09-26 01:00:00-03:00
2030-09-26 05:00:00,18.25177,70.11011,1.3714479,159.2685,0.57279146,35.333557,82.35537,0.356549,97,Itaquera,2030-09-26 02:00:00-03:00
2030-09-26 06:00:00,18.147675,70.445465,0.9857783,126.37944,0.96578306,32.166405,80.43766,0.34885895,97,Itaquera,2030-09-26 03:00:00-03:00
2030-09-26 07:00:00,18.02356,72.53073,1.1309355,147.09265,0.9464903,33.632782,85.2156,0.3669261,97,Itaquera,2030-09-26 04:00:00-03:00
2030-09-26 08:00:00,17.909576,71.50099,1.3598542,118.40679,2.1255553,24.076698,88.12512,0.36211014,97,Itaquera,2030-09-26 05:00:00-03:00
2030-09-26 09:00:00,17.854431,70.99111,1.2872132,90.52903,1.6184378,30.580204,90.74259,0.4160082,97,Itaquera,2030-09-26 06:00:00-03:00
2030-09-26 10:00:00,19.145294,65.4171,0.90467745,52.72399,11.955987,58.021393,87.2522,0.54198414,97,Itaquera,2030-09-26 07:00:00-03:00
2030-09-26 11:00:00,22.230103,54.406437,1.9490321,44.581528,40.527252,30.72893,77.789665,0.4714195,97,Itaquera,2030-09-26 08:00:00-03:00
2030-09-26 12:00:00,25.147858,45.45992,1.7367724,34.756973,78.00144,13.582382,53.827847,0.3703485,97,Itaquera,2030-09-26 09:00:00-03:00
2030-09-26 13:00:00,27.584534,39.302784,1.1491433,15.645415,107.80871,8.222223,42.163845,0.3234538,97,Itaquera,2030-09-26 10:00:00-03:00
2030-09-26 14:00:00,29.312378,35.690014,0.40293834,336.17313,140.43115,4.8308496,32.144104,0.28648925,97,Itaquera,2030-09-26 11:00:00-03:00
2030-09-26 15:00:00,30.640106,32.796867,0.017537056,242.95276,166.64767,3.284111,26.71541,0.26715356,97,Itaquera,2030-09-26 12:00:00-03:00
2030-09-26 16:00:00,31.539062,30.772665,0.019853251,313.53384,190.4249,2.3277526,22.559109,0.25842196,97,Itaquera,2030-09-26 13:00:00-03:00
2030-09-26 17:00:00,32.251007,29.314615,0.7424186,298.9104,220.46967,1.8203661,22.610498,0.27275443,97,Itaquera,2030-09-26 14:00:00-03:00
2030-09-26 18:00:00,32.559326,28.482954,0.7921555,270.5393,220.60432,1.3920051,23.192627,0.26500455,97,Itaquera,2030-09-26 15:00:00-03:00
2030-09-26 19:00:00,30.974915,37.123352,1.4280535,143.82199,160.02904,1.5322869,29.45031,0.2383862,97,Itaquera,2030-09-26 16:00:00-03:00
2030-09-26 20:00:00,30.287537,41.631184,2.918231,125.39398,126.11085,1.2104889,32.815987,0.23440804,97,Itaquera,2030-09-26 17:00:00-03:00
2030-09-26 21:00:00,28.632568,48.27777,2.672494,122.12768,86.66188,0.5945515,43.607117,0.25612485,97,Itaquera,2030-09-26 18:00:00-03:00
2030-09-26 22:00:00,26.579376,53.534008,2.5158627,120.71282,42.28228,1.517191,71.47454,0.3125378,97,Itaquera,2030-09-26 19:00:00-03:00
2030-09-26 23:00:00,26.139221,55.89171,3.074492,102.95737,35.178875,1.9569327,58.653988,0.2521121,97,Itaquera,2030-09-26 20:00:00-03:00
2030-09-27 00:00:00,25.256561,58.37701,1.9030979,95.04906,4.1244483,14.870062,78.2956,0.3195976,97,Itaquera,2030-09-26 21:00:00-03:00
2030-09-27 01:00:00,24.02179,63.400864,5.1256676,164.61247,2.7928698,18.26574,79.103874,0.32717967,97,Itaquera,2030-09-26 22:00:00-03:00
2030-09-27 02:00:00,20.459015,85.708176,7.5066695,185.70447,54.913673,0.81051457,35.68231,0.17153516,97,Itaquera,2030-09-26 23:00:00-03:00
2030-09-27 03:00:00,20.346497,84.84402,4.2959642,170.5271,59.240353,0.8179445,33.777588,0.16093652,97,Itaquera,2030-09-27 00:00:00-03:00
2030-09-27 04:00:00,19.19458,90.151695,6.390296,183.66537,73.28097,0.48971707,26.964653,0.16954786,97,Itaquera,2030-09-27 01:00:00-03:00
2030-09-27 05:00:00,19.392365,87.47539,3.606373,170.36742,60.918858,0.7965255,32.766315,0.15774794,97,Itaquera,2030-09-27 02:00:00-03:00
2030-09-27 06:00:00,19.290222,88.31243,1.6192702,213.92496,31.857449,2.441972,60.94049,0.21841872,97,Itaquera,2030-09-27 03:00:00-03:00
2030-09-27 07:00:00,19.736786,85.99048,1.4735353,323.8254,0.29020077,42.021942,89.20408,0.37276998,97,Itaquera,2030-09-27 04:00:00-03:00
2030-09-27 08:00:00,20.01352,84.23342,0.9237465,5.9573746,0.025608594,67.32263,90.46632,0.45098928,97,Itaquera,2030-09-27 05:00:00-03:00
2030-09-27 09:00:00,20.125946,83.20546,1.3277168,28.375132,0.42793223,69.75284,90.10446,0.4917827,97,Itaquera,2030-09-27 06:00:00-03:00
2030-09-27 10:00:00,21.316803,75.92193,1.4155442,32.974823,10.047052,68.0116,87.029366,0.53791016,97,Itaquera,2030-09-27 07:00:00-03:00
2030-09-27 11:00:00,23.479553,64.79333,0.88267636,49.5522,40.41189,31.292309,79.96002,0.44134384,97,Itaquera,2030-09-27 08:00:00-03:00
2030-09-27 12:00:00,25.788452,55.050125,0.34137046,353.78564,77.382065,17.367228,68.3742,0.38381186,97,Itaquera,2030-09-27 09:00:00-03:00
2030-09-27 13:00:00,27.864319,47.367214,0.538571,277.62292,119.58494,10.884359,61.562313,0.36148837,97,Itaquera,2030-09-27 10:00:00-03:00
2030-09-27 14:00:00,29.473328,41.718754,0.6198504,216.90836,168.64558,6.623305,52.368958,0.34693998,97,Itaquera,2030-09-27 11:00:00-03:00
2030-09-27 15:00:00,30.978241,37.16764,1.1006318,199.24289,218.33853,3.4339302,36.816055,0.32101703,97,Itaquera,2030-09-27 12:00:00-03:00
2030-09-27 16:00:00,31.913727,38.039463,2.9225838,170.35753,196.99173,1.9153342,19.787666,0.23748152,97,Itaquera,2030-09-27 13:00:00-03:00
2030-09-27 17:00:00,31.61615,36.093094,4.072592,167.9608,146.05717,2.171283,16.79396,0.18655007,97,Itaquera,2030-09-27 14:00:00-03:00
2030-09-27 18:00:00,30.676208,37.181404,4.3909965,168.00632,107.9738,3.0757432,18.286333,0.17025538,97,Itaquera,2030-09-27 15:00:00-03:00
2030-09-27 19:00:00,29.376617,42.06456,4.1071954,162.1611,98.269516,3.4563088,22.289145,0.18190888,97,Itaquera,2030-09-27 16:00:00-03:00
2030-09-27 20:00:00,27.808685,48.45671,3.8632467,156.12285,82.63072,3.4829226,31.395458,0.20721832,97,Itaquera,2030-09-27 17:00:00-03:00
2030-09-27 21:00:00,25.85669,55.458393,3.0698512,134.06396,55.29568,1.6702883,45.841663,0.23166645,97,Itaquera,2030-09-27 18:00:00-03:00
2030-09-27 22:00:00,24.483795,60.2839,2.680136,141.03883,45.136967,1.3014778,56.45801,0.24657181,97,Itaquera,2030-09-27 19:00:00-03:00
2030-09-27 23:00:00,23.63388,63.078808,1.9052422,120.5666,39.457035,1.6584482,65.58172,0.25785524,97,Itaquera,2030-09-27 20:00:00-03:00
2030-09-28 00:00:00,23.103363,64.14476,2.090911,87.15896,26.34945,2.9955518,68.59239,0.26419604,97,Itaquera,2030-09-27 21:00:00-03:00
2030-09-28 01:00:00,22.75119,64.96497,1.5269302,138.5433,9.660492,8.892765,81.696175,0.2897402,97,Itaquera,2030-09-27 22:00:00-03:00
2030-09-28 02:00:00,22.444733,67.19485,1.707184,160.539,6.4969463,12.265005,84.39387,0.29552713,97,Itaquera,2030-09-27 23:00:00-03:00
2030-09-28 03:00:00,22.209595,65.92761,2.4072232,143.3113,13.162016,6.478456,76.914474,0.27049658,97,Itaquera,2030-09-28 00:00:00-03:00
2030-09-28 04:00:00,21.720062,68.91453,2.1600382,159.04407,9.712418,7.927645,78.209885,0.27929875,97,Itaquera,2030-09-28 01:00:00-03:00
2030-09-28 05:00:00,21.089508,73.32124,1.8630072,152.20303,2.816628,17.992077,85.569954,0.31739134,97,Itaquera,2030-09-28 02:00:00-03:00
2030-09-28 06:00:00,20.524017,76.76013,1.3745764,138.89066,4.3564153,16.868471,84.06938,0.30814055,97,Itaquera,2030-09-28 03:00:00-03:00
2030-09-28 07:00:00,19.994934,79.59386,1.0406502,124.61953,2.1433651,23.204752,86.07462,0.3231675,97,Itaquera,2030-09-28 04:00:00-03:00
2030-09-28 08:00:00,19.643982,80.86301,0.4141512,135.35774,0.6648324,38.44306,87.12582,0.3684261,97,Itaquera,2030-09-28 05:00:00-03:00
2030-09-28 09:00:00,19.337463,80.77033,0.88995475,97.65032,1.3148162,39.706097,87.538284,0.40537235,97,Itaquera,2030-09-28 06:00:00-03:00
2030-09-28 10:00:00,20.675201,72.609314,1.1099592,67.74259,13.652224,47.924023,81.4888,0.4728823,97,Itaquera,2030-09-28 07:00:00-03:00
2030-09-28 11:00:00,23.574005,61.666428,2.3468804,43.91358,51.400368,19.064161,61.780674,0.3771419,97,Itaquera,2030-09-28 08:00:00-03:00
2030-09-28 12:00:00,25.906708,52.355705,2.6825278,43.0118,86.68601,7.8305025,34.820984,0.2805111,97,Itaquera,2030-09-28 09:00:00-03:00
2030-09-28 13:00:00,28.147919,43.351685,2.1104956,48.80744,103.80841,5.944791,29.683687,0.25767377,97,Itaquera,2030-09-28 10:00:00-03:00
2030-09-28 14:00:00,30.017181,34.521786,1.1529986,55.181515,112.46877,4.586102,24.610682,0.22810239,97,Itaquera,2030-09-28 11:00:00-03:00
2030-09-28 15:00:00,31.268616,28.66502,0.12365264,79.24384,117.0249,3.6442523,20.71318,0.19824126,97,Itaquera,2030-09-28 12:00:00-03:00
2030-09-28 16:00:00,32.338745,25.80159,0.02846882,334.77112,135.47134,2.8481712,19.622026,0.19364214,97,Itaquera,2030-09-28 13:00:00-03:00
2030-09-28 17:00:00,32.83261,27.972328,0.079808906,77.840904,159.80551,2.294957,19.955294,0.20758422,97,Itaquera,2030-09-28 14:00:00-03:00
2030-09-28 18:00:00,32.017487,39.99443,3.0575776,133.02107,127.17205,2.467216,18.095697,0.18833373,97,Itaquera,2030-09-28 15:00:00-03:00
2030-09-28 19:00:00,31.095184,44.27355,3.5209982,135.66905,101.95637,2.9151475,20.188896,0.18518873,97,Itaquera,2030-09-28 16:00:00-03:00
2030-09-28 20:00:00,29.661987,48.14535,3.6183956,135.4468,83.090515,2.834106,26.10956,0.19939598,97,Itaquera,2030-09-28 17:00:00-03:00
2030-09-28 21:00:00,27.83899,51.37405,3.2149942,145.57999,55.742165,1.5428667,42.44707,0.23114617,97,Itaquera,2030-09-28 18:00:00-03:00
2030-09-28 22:00:00,26.564758,50.307243,2.929976,129.25894,39.84595,1.5647563,46.58969,0.22501308,97,Itaquera,2030-09-28 19:00:00-03:00
2030-09-28 23:00:00,26.151611,49.297386,2.2312777,106.92469,14.704403,5.74136,65.94179,0.25910008,97,Itaquera,2030-09-28 20:00:00-03:00
2030-09-29 00:00:00,25.556976,51.623695,1.4695363,88.956276,2.2384984,21.390997,77.82098,0.32022175,97,Itaquera,2030-09-28 21:00:00-03:00
2030-09-29 01:00:00,25.459503,51.37755,2.411461,75.27483,2.0429404,20.269308,74.36806,0.3169961,97,Itaquera,2030-09-28 22:00:00-03:00
2030-09-29 02:00:00,25.347565,52.15296,2.7315886,61.01732,2.8782043,18.362778,72.86068,0.32473013,97,Itaquera,2030-09-28 23:00:00-03:00
2030-09-29 03:00:00,25.1586,56.373634,3.163874,51.93861,18.130196,4.1188765,60.338787,0.29241014,97,Itaquera,2030-09-29 00:00:00-03:00
2030-09-29 04:00:00,24.562408,61.177795,2.9222536,50.761658,13.484009,5.673696,68.66771,0.32171384,97,Itaquera,2030-09-29 01:00:00-03:00
2030-09-29 05:00:00,23.930725,64.66851,2.5350862,42.348446,5.121609,12.263214,79.32091,0.37562376,97,Itaquera,2030-09-29 02:00:00-03:00
2030-09-29 06:00:00,23.484772,66.74181,1.9341526,46.320923,2.5066082,19.509077,90.03478,0.4198893,97,Itaquera,2030-09-29 03:00:00-03:00
2030-09-29 07:00:00,23.09732,68.44515,2.095686,53.29577,2.2475574,21.133749,94.23046,0.43309537,97,Itaquera,2030-09-29 04:00:00-03:00
2030-09-29 08:00:00,22.731232,69.97869,1.8935888,56.859394,2.8714664,19.575783,93.529755,0.42351934,97,Itaquera,2030-09-29 05:00:00-03:00
2030-09-29 09:00:00,22.817688,68.54805,1.6268053,64.70826,1.9754087,26.694937,90.917435,0.44081318,97,Itaquera,2030-09-29 06:00:00-03:00
2030-09-29 10:00:00,23.589203,65.770424,1.357203,54.45236,14.079549,47.591785,86.42475,0.54172903,97,Itaquera,2030-09-29 07:00:00-03:00
2030-09-29 11:00:00,26.542786,52.57623,2.2205524,23.51506,41.99719,29.063051,80.400246,0.49146768,97,Itaquera,2030-09-29 08:00:00-03:00
2030-09-29 12:00:00,29.5018,43.13218,2.2382615,7.4354577,79.17237,13.818457,59.0695,0.37516877,97,Itaquera,2030-09-29 09:00:00-03:00
2030-09-29 13:00:00,31.960419,34.2502,1.9932129,346.5035,93.48182,5.140227,24.555492,0.20310672,97,Itaquera,2030-09-29 10:00:00-03:00
2030-09-29 14:00:00,33.295593,30.438345,1.3655111,319.614,116.96352,3.9253821,23.28421,0.2038575,97,Itaquera,2030-09-29 11:00:00-03:00
2030-09-29 15:00:00,34.22879,24.366714,1.0283697,281.34067,123.57837,2.6729074,17.154655,0.1789782,97,Itaquera,2030-09-29 12:00:00-03:00
2030-09-29 16:00:00,35.290253,19.301708,1.8308631,257.91086,124.33677,2.6536968,17.552597,0.17356515,97,Itaquera,2030-09-29 13:00:00-03:00
2030-09-29 17:00:00,35.475586,20.017445,0.97450113,217.80528,159.21072,2.0892754,19.090637,0.1964835,97,Itaquera,2030-09-29 14:00:00-03:00
2030-09-29 18:00:00,34.6586,25.5647,3.17592,226.03685,175.60974,1.9819226,21.202906,0.18022692,97,Itaquera,2030-09-29 15:00:00-03:00
2030-09-29 19:00:00,34.645935,26.891941,1.3887417,220.6344,167.65387,2.1041973,27.205517,0.17273381,97,Itaquera,2030-09-29 16:00:00-03:00
2030-09-29 20:00:00,32.43692,32.783165,0.7016893,170.11655,136.16103,2.127632,35.904713,0.15667298,97,Itaquera,2030-09-29 17:00:00-03:00
2030-09-29 21:00:00,30.873291,37.705715,0.1803736,183.71486,77.784325,0.92586255,64.63581,0.23179454,97,Itaquera,2030-09-29 18:00:00-03:00
2030-09-29 22:00:00,30.871155,38.258923,2.052932,186.46013,62.45067,0.50195265,81.187675,0.27140602,97,Itaquera,2030-09-29 19:00:00-03:00
2030-09-29 23:00:00,28.73767,44.42003,2.5715122,179.22734,53.4741,0.7887593,64.575035,0.20024301,97,Itaquera,2030-09-29 20:00:00-03:00
2030-09-30 00:00:00,27.335754,50.276196,3.151378,168.24445,27.145405,2.4395084,77.703606,0.24914287,97,Itaquera,2030-09-29 21:00:00-03:00
2030-09-30 01:00:00,23.516937,68.46574,4.1993084,189.8783,50.527576,0.9356237,48.83969,0.22304547,97,Itaquera,2030-09-29 22:00:00-03:00
2030-09-30 02:00:00,21.895508,76.42358,3.7537642,180.86545,51.811935,0.93047,46.810055,0.2175364,97,Itaquera,2030-09-29 23:00:00-03:00
2030-09-30 03:00:00,20.820038,83.2367,4.1510644,189.846,49.399387,1.0488182,43.578926,0.2098373,97,Itaquera,2030-09-30 00:00:00-03:00
2030-09-30 04:00:00,20.446594,84.888695,4.526463,188.74619,55.62555,0.8602543,39.31494,0.19986391,97,Itaquera,2030-09-30 01:00:00-03:00
2030-09-30 05:00:00,20.186432,84.97699,4.0923796,187.33205,55.019238,0.9050555,38.93526,0.1972857,97,Itaquera,2030-09-30 02:00:00-03:00
2030-09-30 06:00:00,19.70459,86.69115,4.12418,189.02968,46.249527,1.2365813,40.06409,0.19397248,97,Itaquera,2030-09-30 03:00:00-03:00
2030-09-30 07:00:00,19.434784,87.123856,3.6184,191.26923,37.19087,1.7487373,43.097084,0.19135764,97,Itaquera,2030-09-30 04:00:00-03:00
2030-09-30 08:00:00,18.992859,88.35452,3.218986,189.83125,23.50455,3.20058,48.559387,0.19866394,97,Itaquera,2030-09-30 05:00:00-03:00
2030-09-30 09:00:00,18.718597,88.54688,3.0741727,186.39836,12.582254,6.2235947,51.410343,0.21688168,97,Itaquera,2030-09-30 06:00:00-03:00
2030-09-30 10:00:00,19.13739,85.17824,3.3243878,184.43584,23.177607,8.887815,39.854862,0.21374743,97,Itaquera,2030-09-30 07:00:00-03:00
2030-09-30 11:00:00,20.112488,80.455795,3.2190645,178.10791,35.79045,9.963125,31.870012,0.2027167,97,Itaquera,2030-09-30 08:00:00-03:00
2030-09-30 12:00:00,21.218079,74.39986,3.3471546,172.44887,53.576088,7.876987,23.2183,0.17490733,97,Itaquera,2030-09-30 09:00:00-03:00
2030-09-30 13:00:00,22.341705,69.191925,3.1930819,166.08722,66.21673,6.986872,20.522043,0.16565086,97,Itaquera,2030-09-30 10:00:00-03:00
2030-09-30 14:00:00,23.879303,63.342865,3.0584486,161.94235,77.60966,5.80845,18.757364,0.16040772,97,Itaquera,2030-09-30 11:00:00-03:00
2030-09-30 15:00:00,25.160828,58.93253,3.13356,163.9619,84.60789,4.725384,17.074028,0.15532075,97,Itaquera,2030-09-30 12:00:00-03:00
2030-09-30 16:00:00,25.894165,57.00857,3.3183577,164.07631,86.459564,4.398162,16.665222,0.15320477,97,Itaquera,2030-09-30 13:00:00-03:00
2030-09-30 17:00:00,26.077332,56.839954,3.608291,161.89246,82.88879,4.4353156,16.75785,0.15220633,97,Itaquera,2030-09-30 14:00:00-03:00
2030-09-30 18:00:00,25.369598,59.68937,4.0314283,162.53224,71.67742,4.9364533,17.393747,0.15022852,97,Itaquera,2030-09-30 15:00:00-03:00
2030-09-30 19:00:00,24.049774,64.21309,4.3800607,164.38533,57.304405,5.71622,18.897934,0.15318131,97,Itaquera,2030-09-30 16:00:00-03:00
2030-09-30 20:00:00,22.282257,71.40831,4.618271,164.7361,38.43366,4.855589,22.816513,0.1598538,97,Itaquera,2030-09-30 17:00:00-03:00
2030-09-30 21:00:00,20.507385,79.2986,4.535199,165.71454,21.844954,4.327725,28.767923,0.17232615,97,Itaquera,2030-09-30 18:00:00-03:00
2030-09-30 22:00:00,19.545654,83.34278,4.337014,167.20798,13.703552,4.654188,32.46825,0.17551024,97,Itaquera,2030-09-30 19:00:00-03:00
2030-09-30 23:00:00,19.020782,84.925316,4.255117,169.2667,18.435825,3.6820712,29.666035,0.15654343,97,Itaquera,2030-09-30 20:00:00-03:00
